Genere;Età;1.      Con quale frequenza utilizzi sgrassatori spray?;2.      Quali sono i primi marchi che ti vengono in mente?;3.      Quale sgrassatore utilizzi maggiormente e perché ti piace?;4.      Nello spray che utilizzi quotidianamente c’è qualcosa che manca o che cambieresti?;5.      Tra prezzo profumazione ed efficacia, quale ti interessa di più?;6.      Classifica tra i tre?;7.      Utilizzi ricariche o prendi lo spray tutte le volte?;8. Cambi il marchio spesso?;9.      Preferisci un prodotto universale o specifico;10.      Dove preferisci acquistare?;11.      Facciamo questa intervista per ACE, conosce la linea spray?;12.      C’è qualche bisogno non ricoperto dal mercato spray che proporresti?;NOTE
Donna;54;1;Chanteclair, Ace;Chanteclair perchè mi piace, costa il giusto. L'ho conosciuto sia grazie al passaparole che vedendolo spesso al supermercato;No va bene così;;Prezzo, efficacia, profumazione;"Le conosco, e quando ci sono al supermercato le prendo, preferisco quelle già pronte in cui devo inserire solo lo ""spruzzino"" e risparmio plastica. La differenza di prezzo non è molta ma se posso le prendo";In genere lo stesso ma ogni tanto cambio;Se possibile universale ma di solito utilizzo specifico. Preferisco quelli senza candeggina;Supermercati;Li conosco e li ho utilizzati ma non utilizzo sempre quelli con la candeggina i quali non sono sempre necessari. Però di solito uso prodotti equivalenti che costano meno;No;
Donna;20;3;Conad;Conad per l'efficacia;Cambierei la profumazione più odore di pulito;;Prezzo,profumazione,efficacia;Non le conosco ma nonostante adesso ne sono a conoscenza non le utilizzerei per una quostione di comodità;Sempre lo stesso;Specifico;Supermercati;Si li conosco, ma non li ho mai utilizzati. Li ho visti nei supermercati;No, però gradirei uno sgrassatore universale adatto a più superfici;
Uomo;20;1;Smac, chanteclair;Chanteclair perchè mi piace ed è quello che mia madre utilizzava a casa mia;"L'unica osservazione che mi sento sento di dare è che il ""grilletto"" a volte si inceppa e lo spruzzo non è più come la prima volta. Lo preferirei più sensibile e meno duro.";;efficacia, prezzo, profumazione;"Non conosco le ricarche e non utilizzerei per la questione del ""grilletto""";Non cambio, ma se non trovo chanteclair utilizzo Smac;Universale;Supermercato;Per gli sgrassatori non lo conosco;No;
Donna ;35;7;Chanteclair, Ajax, coop;chanteclair e amuchina (perchè ha un buon odore). Li ho iniziati ad usare perchè li ho visti al supermercato e mi piacciono;No;efficacia;efficacia, profumazione, prezzo;Le conosco ma sono scomode;Sempre lo stesso (per ora);Universale;Supermercato;Non conosco la linea spray;/;
Donna ;33;3;Amuchina,citrozil, coop, chanteclair;Amuchina li prendo quando sono in offerta;Cambierei il profumo. Li vorrei più profumati;;prezzo,efficacia,profumazione;Si le conosco e le prendo per evitare lo spreco della plastica;Cambio in base alle offerte;Specifico;Supermercato;Non conosco la linea spray;/;
Donna;41;3;Chanteclair,Ace,lidl;Chanteclair perchè è abbastanza efficiente senza fare tanta fatica. L'ho conosciuto sia per passaparola che al supermercato. Poi lo uso anche a lavoro e sono molto soddisfatta, tuttavia costa troppo;Cambierei il profumo di marsiglia dagli spray. Preferirei qualcosa di floreale tipo lavanda. Qualcosa di fresco e legegro tipo the verde;;efficacia,prezzo, profumazione;Si le conosco e a volte le compro. Le prendo spesso se sono in offrta tramite formati convenienza;Affezzionata alle stesse cose ma avolte cambio anche in base alle offerte;Specifico. Preferisco senza candeggina a parte per il bagno;Supermercato di solito. Ma a volte vado a maurys o risparmio casa;Li conosco soprattutto per gli spray con candeggina. Di profumazione sono buoni;Per pulire la doccia a vetri preferirei un prodotto migliore rispetto a quelli sul mercato. Qualcosa di più efficiente e quindi faccia perdere meno tempo;
Donna;73;7;Cif,Chanteclair;Cif il bagno. Chanteclair per tutto ciò sporco d'olio quindi per la cucina. L'ho consociuto tramite il passaparola;A chanteclair cambierei il profumo. Di cif non cambierei nulla;;Efficacia,profumazione, prezzo;Si le conosco e le uso. Soprattutto per Quazar;Prendo quello che mi piace. A volte cambio;Universale mi piacerebbe. Ma utilizzo specifico;/;Non conosco la linea spray;/;
Donna;19;2;chanteclair;chanteclair perchè è efficace e profumato;non cambierei nulla;;prezzo, efficacia,profumazione;Non le conosco, ma  comunque non le comprei perchè non le reputerei comode;sempre lo stesso;Universale ;Supermercato;Non conosco la linea spray;/;
Uomo;19;0.5;chanteclair;chanteclair l'ho conosciuto tramite le pubblicità;No;;prezzo, efficacia, profumazione;Non le conosco. Le comprerei per lo spreco di platica;sempre lo stesso;Universale;Supermercato per comodità;Non conosco la linea spray;/;
donna (che non pulisce);37;7;chanteclair, vip spray vetri;rio casa mia perchè mi piace il profumo. L'ho conosciuto al bar dove lavoravo;colore della bottiglia (non mi piace il viola);;prezzo, efficacia, profumaizone;si le conosco e le uso;cambio in base all'offerta;Specifico, con candeggina;Venditori specializzati;Non conosco la linea spray;Marmo, gli agenti chimici rovinano il marmo;
Donna;23;4;Chanteclair,cif,;cif disinfettante mi piace il profumo e perchè pulisce bene (lo utilizza anche mia mamma);userei plastica riciclata;;efficacia,prezzo, profumazione;Non conosco quelle per gli spray;tendo a prendere quelli che mi piacicono sempre. Ma se non ho fondi cambio;Universale;Supermercato e venditori specializzati;Non conosco la linea spray;/;
uomo;27;4;viakal, napisan;napisan;/;prezzo;;non le conosco;Cambio in base al prezzo;A parte cucina che uso specifico. Per il resto universale;Supermercato;Non conosco la linea spray;/;
donna;/;1;lysoform, viakal;*nome indecifrabile* al limone perchè mi piace, per camabiare;;prezzo;;non conosco;/;/;/;non conosco la linea spray;/;
uomo;/;7;non so le marche;non so le marche;/;efficacia;;le conosco ma non le uso;/;specifico;venditori specializzati;non conosco la linea spray. Conosco il marchio grazie a mia mamma;/;
donna;27;2;conad ecologico, coop ecologico;chanteclair marsiglia o qualcosa alla candeggina ma ecologico;/;profumazione;;si le conosco e le utilizzo;prendiamo sempre lo stesso;specifico per bagno o cucina, per il resto universale;supermercato;conosco ace. non conosco la linea spray;/;
donna;58;2.5;stenhom;stenhom mi piace perchè ne basta poco e sono efficaci;;efficacia;;si le conosco e le utilizzo per motivi ecologici;stesso;specifico;tramite vendite porta a porta;non conosco la linea spray. Ace si;/;
uomo;/;1;vetril, quello per la polvere :');;;efficacia;;si le conosco ma per i prodotti che ci sono io non ci sono;non compro sempre lo stesso cambio in base all'offerta;specifico;Supermercato;Ace la conosco. Linea spray no;/;
donna;29;6;vivi verde coop, viakal, candeggina coop;vivi verde per multisuperficie e profumazione;;prezzo;;le conosco, ma non le uso perchè prendo le cose in offerta;cambio;specifico per il bagno, per il resto universale;supermercato;la conosco la linea spray ma non l'ho mai usata;/;
donna;25;3.5;coop, conad, ace;coop per il prezzo;;prezzo;;per gli spray non conosco;sempre lo stesso;specifico;supermercato;si la conosco, l'ho conosciuto tramite la mamma, mi piace ma costa un pò;/;
donna;/;0.5;ace,chanteclair,vetril;*non centra la domanda*;;profumazione;;non conosco;cambio spesso in base all'estica e alle promozioni;universale;supermercati;si lo conosco tramite i genitori, mi piace e funzionano;;
donna ;30;7;coop;coop perchè costano poco;Cambierei la profumazione. La vorrei più floreale;;efficacia, prezzo, profumazione;Le conosco, ma non  le uso perchè dove vado a fare la spesa non ci sono;sempre lo stesso;universale;supermercati;Conosciamo Ace tramite la pubblicità. Conosco la linea spray, li ho visti nei supermercati, però non li ho mai utilizzati;No;
donna;77;0;non li so;;;;;;;;;Ace lo conosco ma non uso per i motivo suddetti;;
donna;30;3.5;Cif ;cambio spesso anche in base alle offerte;Cambierei in alcuni la profumazione;;efficacia, profumazione, prezzo;Le conosco, ma non le uso perchè non ci ho mai pensato;cambio facendomi influenzare dal marketing;specifico;supermercati;Ace la conosco, probabilmente ho acquiststo lo spray, e l'ho acvquistato anche perchè compro la candeggina sempre di questo marchio. Con i prodotti ace mi sono sempre trovata bene, nulla da eccepire;Forse sul laccato;
donna e uomo (coppia);41;7;chanteclair, quazar, lysoform;Chanteclair perchè la signora delle pulizie ce l' ha consigliato, quindi passaparola;Cambierei l'estetica, perchè le bottiglie sono brutte. Vorrei delle forme più minimali e semplici. Io ad esempio ho le mani piccole;;Efficacia,profumazione, prezzo;Si le utilizzo perchè sono più comode;cambio;universale;supermercato per comodità;Conosciamo Ace perchè lo usavano i genitori. Non conosciamo la linea spray;prodotti per bambini tipo napysan;
donna ;50;2;chanteclair,;chanteclair perchè lo utilizzo per diverse superfici. L'ho conosciuto tramite i genitori;Più efficace;;Profumazione,efficacia, prezzo;Le conosco ma non uso per pigrizia;sempre lo stesso;Universale;supermercati;Conosco Ace per la pubblicità. Ma non conosco la linea spray;no;
donna e uomo coppia;22;7;chanteclair, dexan, quazar;dexan perchè costa meno;Miglioreremmo lo spruzzino il quale si rovina col passare del tempo;;efficacia, prezzo, profumazione;le conosciamo però non utilizziamo, per questioni di comodità;cambiamo in base alle offerte;Universale a parte per i vetri che uso specifico;supermercati;Conosciamo Ace per il detersivo. Non conosciamo la linea spray;Legno perchè è delicato. Anche per il vetro sarebbe utile un prodotto universale. In questo senso ci piacerebbe anche un prodotto anti goccia;
2 donne;29;21;cif, pam,nonna papera;spray pam, perchè abito qui vicino;no;;efficacia, prezzo, profumazione;si le prendiamo sempre. Quelle che cambiamo solo il beccuccio. Le compriamo per il prezzo e per questioni di comodità;stesso marchio per comodità;specifico;supermercati;Conosciamo Ace, ci viene in mente Ace gentile. Conosciamo la linea psray. Una volta abbiamo utilizzato la mousse con candeggina e ci siamo trovati bene. ;;
uomo;25;1;chanteclair;chanteclair l'ho conosciuto tramite la pubblicità;;;profumazione, efficacia, prezzo;le conosco e le eutilizzo perchè costano meno e inquinano meno;sempre lo stesso;specifico;supermercati;conosco per lavare i panni. non conosco la linea spray;no;
uomo;26;2;quello che costa meno;;no;;efficacia, prezzo, profumazione;le conosco e le eutilizzo perchè costano meno e inquinano meno;cambio;universale;supermercati;non conosco la linea spray;no;
donna;82;7;cif,chanteclair,;;no;;efficacia,prezzo, profumazione;le conosciamo e le utilizziamo perchè costano meno e si spreca meno. Quella con il beccuccio;cambio per le offerte, oppure perchè ho proprio voglia di cambiare;specifico anche con candeggina;supermercati;Conosciamo Ace per candeggina e spray. Non li prendo perchè sennò li inalo. non prendo la mousse perchè è cara. Lo conosciamo da molto tempo;ci piacerebbe un prodotto universal eper uttte le superfici;
donna;69;;chanteclair,ace;coop (surrogato di chanteclair). Mi piace anche cif crema;no;;efficacia,prezzo, profumazione;le conosciamo e le utilizziamo perchè costano meno e si spreca meno;cambio;specifico, meglio senza candeggina per motivi ambientali;supermercati;Conosciamo Ace per candeggina e spray. Non li prendo perchè sennò li inalo. non prendo la mousse perchè è cara. Lo conosciamo da molto tempo;ci piacerebbe un prodotto universale per uttte le superfici;
uomo;21;2;viakal,;candeggina col mocio;che sia più biologico;;prezzo, profumo, efficacia;non le conosco;sempre lo stesso;specifico;supermercato;conosco ace per i detersivi. non conosco la linea spray;;
donna;22;1;chanteclair, viakal, sottomarche varie;qualunque;no;;efficacia, prezzo, profumazione;non le cnosco e non le userei per questioni di comodità;tendenzialmente stesso, a volte cambio in base alle offerte;specifico;supermercato;conosco ace sia detersivi che linea spray. si li ho utilizzati qualche volta e l'ho visto nelle pubblicità. Non mi ricordo l'esperienza che ho avuto;;
donna;29;1;winnies, cif;non mi vengono in mente le marche;preferirei quelli come winnies con bottiglie trasparenti anche per vedere quanto ce ne è o quanto ne rimane. Migliorerei anche la profumazione. Preferirei più prodotti per bambini con prodotti naturali;;prezzo,efficacia, profumazione;le conosco ma non le uso;cambio spesso in base alle offerte;specifico e senza candeggina;supermercati, a volte online;conosco Ace per il detersivo della lavatrice. Non la conosco direttamente la linea spray;marmo, acciaio;
donna;24;7;"Allora ace perché lo uso, chanteclair perché vedo spesso pubblicità e ogni tanto l’ho comprato ma comunque è conosciuto molto e poi… , ahh il winnie's….ora che ci penso anche il napisan che mi sa molto di pulito;";Utilizzo sempre ace perché mi piace come pulisce ed è anche abbastanza economico perché io vorrei acquistare winnis perché è molto attento sul tema ambiente ma il prezzo è più elevato;"Ehhh vorrei sia meno impattante sull’ambiente oppure che sia cruelty-free anche il fatto di utilizzare meno plastica;";prezzo;;"  Si si le conosco infatti le prenderei sicuramente però non le trovo spesso;";sempre ace;" Universale, io prendo quello  candeggina però se ci fosse uno sgrassatore altrettanto efficace senza candeggina lo prenderei; Si si legno marmo perché no, per la macchina no; senza risciacquo si si sarebbe comodissimo;";in genere rivenditori specializzati;"  Si si come ho detto prima li utilizzo e penso sia uno dei migliori, ma anche tutti gli altri prodotti ace sono buoni eh;";;
donna;28;1;"Chanteclair, Amuchina, Dat 5 che sto utilizzando mo perché me l’ha dato la mamma del mio ragazzo e poi vabbe Just che però non è sgrassatore…;";"Mo utilizzo Dat 5 per il fatto che me l’hanno portato ahahah;";"Aggiungerei una minore aggressività sull’ambiente di sicuro poi per quanto riguarda il prodotto non è male;";efficacia;;"Si si li conosco e li utilizzo sia per l’imballaggio quindi meno plastica e sia per risparmiare perché no;";"Cambio cambio, cerco sempre di prendere cose meno aggressive per l’ambiente;";"Universale; Se devo rispettare le superfici  prenderei specifico assolutamente; per la macchina si pure; Senza risciacquo si si magari;";"Quello più vicino a casa mia ahahha;";"Si si grazie alla pubblicità di Casa Surace dei comici, però mai utilizzato perché non mi è mai venuta la cosa di prenderlo;";;
donna ;30;1;" Ace, Fabuloso, Chanteclair;";" Uso Ace maggiormente perchè è quello che trovo più versatile per le mie esigenze, che sono principalmente l’igiene e la pulizia del bagno e della lettiera dei gatti. Ho iniziato ad utilizzarlo perché era quello che usava più spesso mia madre;";"  Per quanto ne so, è efficace per le mie esigenze, ma vorrei usare meno plastica e avere un modo per comprarlo sfuso;";efficacia;;"  Le ricariche dello spray che uso non le ho mai trovate nella mia zona ma se le trovassi le acquisterei per questioni ambientali;";Sempre lo stesso;universale con candeggina;rivenditori specializzati;Si è la marca che uso più spesso,è  la marca che ha più spesso comprato mia madre e io ho continuato a usarla;;
donna;49;7;" Ehh cif, chanteclair, bref;";"Utilizzo maggiormente il cif perché lo ritengo rispetto agli altri più sgrassante, ha un buon odore non lascia aloni;";"Mmm forse una variante di profumazione o aggiungerei qualcosa per il pavimento;";prezzo;;" Si si le utilizzo ogni tanto, lo faccio soprattutto per l’ambiente ma capita di comprarlo intero con lo spruzzino sopra la maggior parte delle volte;";" Prendo quasi sempre il cif però ogni tanto capita che prendo il bref ad esempio.. diciamo che sono molto fedele al cif ahahah;";Specifico si direi specifico, nel bagno con candeggina in cucina senza candeggina, si si specifico per diverse superfici si, per la macchina si dai, senza risciacquo sarebbe grandioso sarebbe praticissimo:;supermercato;" Si si ma mai preso, prendo la linea lavatrice ace, la linea sgrassatori mai; Mi trovo bene con il cif quindi vado diretta per quello però l’ho visto al negozio se non ricordo male la confezione è quello tutto colorato quindi attira; Ma tu preferisce una confezione così colorata o come cif che è semplice?? Ma direi forse colorato come ace;
 visto tramite le pubblicità in tv;
";;"ANEDDOTO: Parlando di chanteclair l’altra volta eravamo ad un compleanno e tutti decantavano questo chanteclair, io boo non so a me non piace proprio lo sento lento poco efficace, l’odore mi stomaca un sacco;Ma io lo vedo sempre, pensa tu che una volta era pure ad una mostra di Edilizia, giardinaggio boo ahaha era li con lo stand era l’unico per quanto riguarda la pulizia sgrassatori ecc; Comunque tifo per Ace e per voi, mi sta antipatica chanteclair hahha;"
donna;54;7;" Sinceramente Ace perché è quello che uso da sempre, non compro altre marche anche se ad esempio ci sono offerte;";"Ace ace, lo utilizzo perché mia mamma ha sempre comprato cose a marchio ace quindi diciamo sono affezionata;";"  Quello che non mi piace è il troppo consumo di plastica ogni tanto prendo la ricarica ma alla fine quello che viene meno è solamente il cosettino di sopra, si alla fine si ricicla la plastica però è sempre uno spreco…..spesso penso come sarebbe bello avere un distributore ace tipo alla spina nei supermercati cosi da non comprare sempre la plastica ma portando il tuo recipiente da casa riempirlo e portarlo a casa perché io ricordo che una volta quando ero piccolina passava il venditore con la candeggina e noi uscivamo con il contenitore e prendevamo  la candeggina; Devo dire che un po' sono contraria a questi tipi di detersivi perché sono troppo aggressivi per l’ambiente infatti cerco di utilizzare saponi che faccio io con elementi naturali come si faceva una volta però alla fine lo sgrassatore mi serve mi aiuta molto ahah ma sempre ace ahahah;";efficacia;;;"Sempre sempre ace non cambio mai è troppo buono sgrassa in un modo eccezionale;";"  No no universale; Meno ne uso meglio è per l’ambiente alla fine utilizzo questo universale; Uno senza risciacqua potrebbe essere buono ma alla fine la passata con l’acqua io la faccio lo stesso perché mi da fastidio non ripassare con un panno con l’acqua perché non mi fido non so cosa mettono dentro;";Per questione di tempo dove capita;;;
donna;40;7;chanteclair, smac, mastrolindo ;" Utilizzo maggiormente Chanteclair perché il profumo è molto gradevole si sente il profumo del sapone di marsiglia, non da fastidio al naso agli occhi e non mi da fastidio nemmeno alle mani come invece altre marche mi creano problemi di arrossamento, alcune volte anche piaghe;";"Forse il prezzo ahahahaah, costa più di 2 euro e 70;";profumazione;;" Si si, quando sono convenienti le prendo soprattutto per il risparmio per l’ambiente non è il mio primo pensiero ecco;";"No no vario ad esempio per il prezzo le offerte, ho provato smac ma ha un odore troppo forte e mi bruciavano le mani poi ho provato cif e devo dire che è molto buono, la differenza con chanteclair è che lo spray è più solido mentre chanteclair è più liquido;";" Preferisco l’universale per tutta la casa tranne che per il bagno per il bagno utilizzo mastrolindo ma non quello spray utilizzo un altro formato, chanteclair bango l’ho provato ma il profumo non  mi ha soddisfatto;  Lo spray  candeggina no detersivo candeggina si ma non mi è piaciuto, per quanto riguarda un prodotto specifico mi interesserebbe molto quello per il marmo; per la macchina no perché utilizzo quello chanteclair universale funziona benissimo; un prodotto che smacchi senza risciacquo non esiste ahahaha sono tutte fake news ahaah provato ma non funziona, se lo fanno e funziona lo prendo al volo perché mi aiuterebbe moltissimo in casa, anzi lo chanteclair se non lo risciacqui puzza d’uovo ahahah almeno per me ahaah forse sono l’unica ma dopo che lo spruzzo e lo lascio un po agire se non lo risciacquo puzza d’uovo;";"  Coop Coop o supermercati in generale come conad così compro altro per la casa cosi non vado a tanti negozi;";"Si ma mai comprati perché non ci sono qua o almeno non li ho mai visti, li ho visti solo in tv ahaahh; si li proverei assolutamente perché no;";;
donna;50;7;" Ehh vabbè lo smac che sto utilizzando ora, sennò chanteclair, cif diciamo che ne ho provati tanti ma non ricordo tutti i nomi;";"In realtà non me ne piace nessuno almeno di questi che ho provato ahahah, ora uso smac express con candegina e cif  ma sinceramente non mi piacciono nessuno dei 2 perché non mi danno senso di pulito ma di unto o aloni però li prendo ugualmente perché questo trovo; ah lo chanteclair l’ho utilizzato per la cucina però l’odore è troppo forte infatti mi brucia la gola e poi fa un sacco di schiuma, una volta l’ho utilizzato per pulire il forno mamma mia, l’odore non usciva più e nemmeno la schiuma, non so quanti risciacqui ho fatto; Quindi non hai trovato uno sgrassatore che ti piace?? No ancora no, li prendo questi perché questi sono ma ogni volta cerco di trovarne dei nuovi ma qua non trovo chissà cosa;";"  Smac e cif cambierei l’odore, aggiungerei un odore di candegina perché a me sa di pulito…lo smac che ho preso io dice che ha candeggina ma non è assolutamente vero, per quanta candeggina ace ho utilizzato io saprei riconoscere l’odore ahaah poi non pulisce come la candeggina questo ma per niente e ripeto il fatto dell’unto che mi da fastidio non mi piace per niente;";profumazione;;"Si ma le trovo poche volte, le prenderei per risparmiare qualcosa ma soprattutto per l’ambiente cosi utilizziamo meno plastica;";Cambio di continuo sperando di trovare quello che mi piace;"Sinceramente l’universale sarebbe perfetto per il resto della casa però quello per il bagno deve essere specifico ; non mi interessa quello per legno marmo ecc anzi alla fine esiste pronto legno spary che è molto buono; Mi interesserebbe quello con la candeggina “buona” ahahah lo prenderei subito perché quello senza non pulisce bene il bagno, per la cucina non ne sento bisogno perché alla fine se mi serve quelle poche volte tipo quando utilizzo le uova prendo un po' di candeggina normale e lavo ; per la  macchina pure servirebbe perché con quello universale  faccio un po' fatica a pulire; Magari esistesse uno senza risciacquo, questo smac dice senza risciacquo ma non è vero niente";  Se mi trovo in qualche rivenditore specializzato sarebbe perfetto perché potrei vedere mille tipi e marche e scegliere o almeno provare uno che forse è buono. Ma comunque lo prendo sempre in supermercati.;"  Visti solo in televisione ahahahha mai qua, non so nemmeno se ci sono in paesi vicini perché la faccio sempre qua la spesa; però lo prenderei perché fino ad ora non ne ho trovato nessuno buono ahahah;";;
donna;24;7;chanteclair, cif e ace;" Utilizzo fiorillo per la cucina Principalmente per una questione economica avendo un prezzo molto piùbasso  rispetto a marchi più grossi. Nonostante costi poco riesce comunque a svolgere le funzioni principali. Infatti disinfetta e mi permette di sgrassare profuma non lasciando quindi la l'odore sgradevole che di solito ha lo sgrassatore. Ho iniziato ad utilizzarlo perché lo trovo molto spesso in offerta. Per il bagno invece utilizzo Chantecler, ha un costo maggiore ma lo acquisto perché  sbianca i sanitari e riesco a togliere il calcare facilmente lasciandolo agire per qualche minuto. Ho iniziato ad utilizzarlo perché è un marchio famoso, che conosco da sempre;";" Per Chantecler, cambierei sicuramente l'odore. molte volte mentre pulisco ho difficoltà a respirare se ne utilizzo troppo;";efficacia;;"Si, conosco le ricariche. Ogni tanto le acquisto perché costano di meno, hanno una durata più lunga senza dover riacquistarlo ogni 15/20 giorni e sicuramente il fatto che inquinino di meno mi incentiva ad acquistarli. Nonostante ciò, non le acquisto regolarmente perche muovendomi principalmente a piedi pesano troppo. Noto anche una differenza nel prodotto. Ho l'impressione che la qualità nelle ricariche sia un po' più bassa rispetto alle monodosi;";"Capita che acquisto sgrassatori diversi in base alle offerte ma principalmente utilizzo Chantecler;";"Di solito acquisto prodotti specifici perché  acquistando prodotti universali la qualità è più bassa. Sicuramente preferirei un  unico prodotto universale ma che sia accompagnato da una qualitàadeguata;";"  Rivenditori specializzati perché c'è un'offerta maggiore e riesco a fare più confronti sulla convenienza;";"Uso i prodotti ace, la candeggina principalmente. Credo siano degli Ottimi prodotti a un prezzo moderato. Una pecca è l'odore, troppo forte e resta sulle superfici per lungo tempo. Inoltre, i prodotti ace li utilizzo sempre con i guanti perché troppo aggressivi per la pelle, ma gli sgrassatori mai usati mai attirato in realtà;";;
donna;24;6;chanteclair, cif, ajax;"Utilizzo maggiormente lo Chanteclair. Ho iniziato ad utilizzarlo in quanto è molto pubblicizzato ed èmolto efficiente nella pulizia di tutte le superfici;";" Toglierei le sostanze chimiche e aggiungerei agenti sgrassanti naturali;";prezzo;;"Conosco l’esistenza delle ricariche, ma spesso, una volta finito, ricompro il prodotto nuovo senza pensarci troppo;";Cambio spesso;Universale senza candeggina;Rivenditori specializzati;"Si si penso siano ottimi prodotti ma non acquisto mai prodotti ACE, ma non li acquisto per via del costo elevato;
Ne sono venuta a conoscenza tramite le pubblicità televisive;
";;
donna;40;7;smac....ehmmm altri non so;smac, mi trovo bene;no no va bene così;profumazione;Efficacia, profumo, prezzo;"Si, però non le prendo mai compro direttamente quello normale e basta;";sempre lo stesso;" Tutti diversi, nel bagno con candeggina sicuro; Sono interessata a tutte le superfici e anche per la macchina;  pulire con una sola passato no però  questo che ho preso mo dice così ed è vero non fa assai schiuma ma non penso di prendere questo cioè smac sicuro ma non questo express;";supermercato;"  Si ma mai preso, l’ho visto ai negozi e nelle pubblicità; però lo proverei perché no;";;
donna;70;7;Ehhh…Smac sicuro perché sto utilizzando questo, poi anche chanteclair…;" Diciamo che utilizzo maggiormente Smac e chanteclair perché li trovo spesso in negozio e sono abbastanza buoni;";"  Aggiungerei uno spray con candeggina perché cosi sgrasserebbe tutto in modo più veloce… Sono già in commercio non lo sa?? Ahhh no no non lo sapevo non li ho mai visti forse perché non vedo bene le scritte sul pacco ahahah;";profumazione;;"Si lo so, ogni tanto le prendo per il prezzo minore ma la maggior parte delle volte compro quello con il beccuccio già nella confezione;";cambio quando vedo qualcosa di nuovo;"Quello universale è molto buono sempre quello prendo, tranne per il bagno che ne prendo uno specifico; lo vorrei con la candeggina ma mi hai detto che esiste quindi devo leggere meglio le confezioni ahaha; Ma io veramete pulisco tutto con l’universale quindi va bene quello però un prodotto senza risciacquo lo proverei assolutamente,";"qua nei negozietti o ""putishfi""";  No No, mai sentita e nemmeno vista…davvero esiste? Si Si!! Non ha mai visto le pubblicità? Guardo poco la tv, la guardo solo la sera per vedere i film vecchi ahahaah come tempesta d'amore ahaha;;
uomo;28;7;Chanteclair, cif, ace ed esselunga;"utilizzo principalmente chanteclair, per via della sua storia, efficacia e sensazione di pulito e tipico odore di Marsiglia;";nulla;profumazione;profumo, efficacia, prezzo;No, non ne ero a conoscenza;principalmente lo stesso ma dipende anche dalle offerte;universale con candeggina;supermercato;"si, penso sia molto buono l'ho utilizzato qualche volta; Nuovo prodotto sullo scaffale del supermercato ad un prezzo competitivo e  mi ha incuriosito";;
donna;42;1;conad ehh basta hhaahha l'ho uso ahahha;conad ahaha mi sembra buono;"  Cambierei l’odore perché è molto forte, sa di marsiglia però si sente troppo lo preferirei tipo al limone;";;prezzo, efficacia, profumo;"Si si le utilizzo sia per l’ambiente ma anche per il risparmio;";sempre conad;Universale con candeggina... uno senza risciacquo magari;supermercato;" lo conosco si però non mi ha mai attirato, l’ho preso una volta però il fatto che ha la candeggina mi viene il dubbio che  vada a rovinare i vestiti ad esempio;Ma esiste anche senza candeggina?? ahhh, non c'era sullo scaffale allora hahah però se penso ad ace penso alla candeggina.";;
donna ;28;7;chanteclair, quasar, esselunga;"Utilizzo principalmente chanteclair e esselunga per ottimo rapporto qualità prezzo, efficacia;";"  Vorrei avere formule più leggere per una pulizia meno profonda;";Efficacia;;si ma non sempre;dipende dalle offerte;universale magari senza cadeggina;supermercato;ace si gli spray non mi è mai capitata l’occasione, sono abitudinaria.. però l'ho visto in tv ;;
donna;86;2;chanteclair altri booo;" Utilizzo chanteclair perché l’ho sempre utilizzato ed è molto buono;";" No non cambierei niente anzi ad esempio l’odore è la cosa che mi piace di più, con altri detersivi alcune volte mi da fastidio il naso;";Profumazione;;"  No no non lo sapevo; Le acquisterebbe?? Si si; Per l’ambiente o per risparmiare? Per l’ambiente assolutamente;";sempre il gallo;" Preferisco l’universale per tutto;Per il marmo sarei molto interessata, per le altre cose no, un prodotto senza risciacquo magari ahaha sarebbe perfetto soprattutto per la mia età;";supermercati;" No no, mai visti nemmeno in tv; Lo proverebbe? Si si perché no;";;
donna;50;7;Quasar, Citrosil, Alba;Ace candeggina odore pulito fresco;Aggiungerei uno sgrassatore con un odore più marino, odia quegli odori troppo chimici con ammoniaca, preferisce anche odori tipo limone;Efficacia;Efficacia, prezzo, profumazione;Si usa le ricariche quelle a soluzione per il prezzo conveniente;Le piace cambiare, ma se si trova bene con l'efficacia e soprattutto profumazione non cambia;Preferisce specifici e che non ci sia il risciaquo. Vorrebbe un prodotto per il legno;Supermercato e venditori specializzati;Conosce la linea spray Ace, le piace il packaging, nessun lato negativo;;
donna;59;7;Chanteclair, Ace, Dexal;Dexal al marsiglia e Ace per l'efficacia e la profumazione;Non modificherei niente;Efficacia;;Sono a conoscenza delle ricariche e le utilizzo per il risparmio e questioni ambientali;Vario tra le mie marche preferite e dipende se a volte trovo qualche offerta/promozione;Prodotto universale senza candeggina;Supermercato e venditori specializzati;Si, ritengo siano molto buoni, utilizzo ace gentile candeggina più e ace candeggina più mousse e li ho provati perchè utilizzo la candeggina Ace per la lavatrice e mi sono sempre trovata bene ;;
donna;58;7;Smac, Chanteclair;Smac perchè è molto efficace;no;Efficacia;Efficacia, prezzo, profumazione.;Certo e le utilizzo perchè costano meno;Cambio;Prodotto specifico senza candeggina;Supermercato;Si li conosco, li ho utilizzati una volta sola, sono buoni e hanno un buon profumo ma per me sono troppo cari. Ne sono venuta a conoscenza grazie alla pubblicità in televisione.;;
donna;19;1;Chanteclair;Chanteclair;`no non cambierebbe nulla, solo funzione antigoccia;prezzo;prezzo, efficacia, profumazione;no;No;Specifico, con candeggina;supermercati;Forse, si è trovata bene dice, li ha conosciuti tramite TV;Vorrebbe nuovi prodotti specifici e prodotti senza risciacquo, anche se Chanteclair già li ha;Ha cominciato ad usarlo per consigli della madre
Uomo;72;1;Nessuno;non sa;no no gli vanno bene;efficacia;efficacia, profumazione, prezzo;no;cambia prende a caso;Universale;supermercato;no;no;
Donna;68;2;Chanteclair, detersivi per i piattti, vanish, marche supermercati;Chanteclair;Aggiungerebbe smacchiatore;Efficacia;Efficacia, prezzo, profumazione;si e le utilizza sia per ambiente che per risparmiare;sempre chanteclair;Specifico per le varie stanze, se serve con candeggina;supermercato;Si la conosce e l'ha usata, ma si trova raramente nei supermercati;Vorrebbe spray smacchiatore;
Uomo;26;3;Sottomarca Pam, supermercati, Ajax;Quello della Pam;L'odore, troppo neutro lo vuole profumato;Prezzo;Prezzo, efficacia, profumazione;No non le conosce ;Cambia il marchio ogni tanto;Usa lo specifico;supermercato;No non le conosce ;;
Donna;52;1;Chanteclair, Ace;Chanteclair;No va bene;Efficacia;Efficacia, prezzo, profumazione;Si e le prende per l'ambiente;No usa lo stesso;universale;supermercati;Utilizza per il bagno;Mancano prodotti per le superfici metalliche;Ace era varichina quindi si fidava della formula
Donna;25;7;Chanteclair;Chanteclair;Vorrebbe odore più naturale;Efficacia;Efficacia, prezzo, profumazione;Non le conosce ma le prenderebbe;No ;Universale;supermercato;No, non li conosce;;
Donna;21;7;Chanteclair, ACE;ACE, igienizza di più;Forse l'odore;Prezzo;;Si le conosce e le compra per risparmiare;No;Universale con candeggina;Venditori specializzati;Si trova bene, l'ha conosciuto con la mamma;Piano della cucina;
Uomo;22;1;Chanteclair , coop, conad;Coop e conad perchè costano poco;No vanno bene;Efficacia;Efficacia, prezzo, profumazione;No mai usate;No;Specifico, con candeggina;supermercato coop;Conosce la linea ACE ma non gli sgrassatori;No;
Donna;21;7;Chanteclair;Chanteclair, più conosciuto;Prodotto che sembri più naturale;Efficacia;Efficacia, prezzo, profumazione;Si e ogni tanto le usa sia per risparmiare che per l'ambiente;No;Prodotti specifici ma dipende dalle superfici;Supermercato e venditori specializzati;L'ha visto ma non l'acquista;No;
Donna;31;3;Chanteclair, Quasar, Lysoform;Chanteclair e quasar;Vorrebbe delle ricariche migliori e più ecologiche;Prezzo;Prezzo, efficacia, profumazione;Si ma le critica;No;Specifico;Venditori specializzati;Non sapeva della linea spray, crede che abbia dei prezzi troppo alti;Sui fornelli;Lo usa perchè consigliato sul posto di lavoro
Uomo;39;0.5;Cif, quelli dei supermercati, quasar;Non lo dice;Il profumo, lo vorrebbero più naturale;Prezzo;Prezzo, efficacia, profumazione;Se le trovano, le prendono. Dicono però che non si trovano molto;Cambiano;universale, ma su alcune superfici usano specifico;supermercato;Non ha mai visto la linea spray;Uno migliore per il forno;
Uomo e donna;25 , 22;7;Chanteclair;Quello che hanno i coinquilini;;Efficacia;Efficacia, prezzo, profumazione;Si e no, le usa lui perchè costa di meno;In base agli sconti;Prodotto universale, lei usa specifici;supermercato;No;Migliorerebbe la comunicazione, o prodotti che non hanno bisogno di risciacquo;
Donna;19;2;Chanteclair, quasar;Chanteclair;Tutto va bene;Profumazione;Profumazione, prezzo, efficacia;Le conosce ma non le usa;Cambia;Specifico;Supermercato;Conosce ma non li ha mai provati;;
Donna;25;3;Chanteclair, SMAC, Cif;Cif, lo usa per la cucina e le piace perchè sgrassa bene;Tutto va bene;Prezzo;prezzo, efficacia, profumaizone;Sa delle ricariche ma non le usa;Usa sempre gli stessi;Prodotto specifico;supermercato;Si ma non la usa;No le andrebbe bene un prodotto universale piuttosto che nuovi più specifici;
Donna;41;;;;;;;;;;;;Lei li fa da sola perchè allergica agli acari, tutto le da fastidio;Lei dice di fare attenzione alle parte nocive
Uomo;21;7;Napisan, Amuchina;Amuchina, vuole superfici igienizzate;;Efficacia;Efficacia, prezzo, profumazione;Si ma non le compra perchè non le trova;Sempre stesso marchio;Universale;supermercato;Mai provati ma li conosce;;Gli piace pulire le superfici ed è fissato con l'igienizzazione
Donna;32;6;Chanteclair, Ace, Smac;Chanteclair pulisce meglio;Ha i suoi prodotti e non cambierebbe le loro caratteristiche;Efficacia;;"Le conosce e le usa se le trova; costano di meno e per lei è comodo";no;Universale;supermercato;Li conosce e la usa attualmente, anche se l'ha provata per la prima volta;;Ha conosciuto ACE perchè l'ha comprato una volta a caso
Donna;Vecchietta;7;Marchi Conad,coop, dei supermercati;Quelli di sopra;;Prezzo;Prezzo, efficacia, profumazione;Si e le usa per motivi ecologici;No;Specifico, cambia in base a superfici;supermercato;Si e dice che forse l'ha preso, ma non le è rimasto impresso;;
Uomo;24;2;Chanteclair, Neos (?);Di slito usa quelli dei supermercato;;Prezzo;;No non le conosce;Cambia sulla base del prezzo;Universale per il prezzo;supermercati;Si e ogni tanto la usa, gli è piaciuta. L'ha conosciuta con le pubblicità;;
Uomo;22;2;W5, quelli base dei supermercati;Quelli dei supermercati;;Prezzo;;Non le conosce;Cambia sulla base del prezzo;Specifico;supermercati;SI ma non l'ha mai provata;;
Donna;23;2;Amuchina;Amuchina perchè buon odore e disinfetta;;Efficacia;;SI e le usa per una questione ambientale;Cambia sulla base delle offerte ;Specifico;supermercato;Non conosce la linea spray;;
Donna;24;7;CHanteclair, Amuchina;Chanteclair, lo usavano a casa sua;;Efficacia;;Le conosce ma non le compra;Compra molto sull'offerta;Specifico per superfici diverse sennò univesale;supermercato;Non conosce la linea spray;;
Donna;21;7;Chanteclair, Ajax, ACE;Chanteclair, ha un buon profumo;;Prezzo;;Si e le utilizza, sia per risparmio che per questione ambientale;Compra sull'offerta;Universale;supermercato;La conosce ma non l'ha provato perchè pensa sia costoso;;
Uomo;21;1;Ajax, Chanteclair, Vetril;Ajax perchè pulisce sempre vetri e metalii (anche a lavoro);;Prezzo;;Si ma non le utilizza;cambia sulla base del prezzo;Universale;supermercato;Ace si ma non spray;;
donna;52;7;ayax, chanteclair, chiaro luce;chanteclair perchè è tra quelli più economici;no;Efficacia;Efficacia, prezzo, profumazione;si ne sono a conoscenza e le utilizzo perchè risparmio;cambio in base alle offerte;universale senza candeggina;supermercato così faccio una spesa unica;"conosco ace per il detersivo.
conosco gli spray, hanno un buon odore ma costano troppo, non lascia aloni nemmeno sulle superfici scure";;
donna;49;7;Chanteclair, Ace, Conad;Chanteclair, anche se non lo ritengo pienamente efficace. Non sgrassa a fondo;/;Efficacia;;Si, per una questione di risparmio principalmente ;Cambio;Universale;Supermercato;Si, sono a conoscenza. Ace Bagno non mi è piaciuto. Non ho visto una particolare efficacia. Conosciuti vedendoli al supermercato;/;
uomo;20;5;Chanteclair, Ace, Cif;Tendo a prendere Chanteclair, perché per sentito dire so che è buono, ma preferisco quelli che costano meno. Sono influenzato dai marchi utilizzati dalla mamma, se una cosa l’ha presa la mamma è sinonimo di qualità in un certo senso;Ritengo inutili i “tappi” che ampliano o riducono la grandezza del getto;Prezzo;prezzo, profumazione, efficacia ;Si, sia per una questione di risparmio che ambientale;Tendo a cambiare, influenzato dalle offerte;Universale. Però ne uso uno per la cucina e uno per il bagno. Mi interessano i prodotti specifici e universali per diversi tipi di superfici. Senza candeggina;Supermercato;L'ho sentita nominare, ma non li ho mai provati. Penso di averli visti al supermercato;/;
donna;23;4;Smac, Chanteclaire, Ace;Quello in offerta. Per adesso ho a casa Ace spray Candeggina preso in offerta. È importante che nello spray ci sia la candeggina. Oppure mousse. Quelli con candeggina li utilizzo indistintamente per tutto, fatta eccezione per il piano cottura per il quale preferisco quello specifico per l’acciaio altrimenti candeggina va bene uguale. Perché se c’è odore di candeggina c’è odore di pulito. Se trovassi uno spray con cui mi trovo bene comprerei sempre quello, ma non l’ho ancora trovato e sto capendo quale mi piace. Sono influenzata da mia mamma per i detersivi per i vestiti ma non per gli spray. ;Finiscono troppo presto. Preferirei una profumazione più persistente, che duri almeno una giornata. Poi non so se sono io che ne spruzzo troppo, ma devo fare più passate per risciacquarlo. ;Efficacia;efficacia, prezzo, profumazione.; Si. Fantastiche le confezioni con già le ricariche, molto comode. Secondariamente anche per un motivo legato all’ambiente.;Cambio;"Preferisco quello con candeggina igienizzante.
a. Certo, se ad esempio per il legno c’è un prodotto specifico prendo quello per il legno, per evitare di rovinare la superficie 
b. Per me non avrebbe senso
c. Si, bellissimo";Supermercato e venditori specializzati;Si, sono buoni. 13. Visti al supermercato e usati da mia mamma;/;
donna;24;1;Chanteclair, viakal, ajax ;Chanteclair, mi piace perché sgrassa bene tutti i tipi di superficie (sia l’acciaio, che i mobili, che le superfici del bagno) e ne esistono varie formulazioni tipo quelli con candeggina che uso spesso in bagno. Ho iniziato ad utilizzarlo perché in casa mia la mia mamma ha sempre usato quello;Cambierei l’odore dello sgrassatore Chanteclair classico, che è troppo intenso per i miei gusti;Prezzo;;Non sapevo esistessero anche per gli spruzzini, pensavo ci fossero solo per i saponi tipo per le mani etc… buono a sapersi che esistano! ;Sempre lo stesso;Universale, di solito ne utilizzo uno con candeggina e uno senza candeggina, dovendo scegliere direi senza così almeno non rischio di scolorire tutto ciò che pulisco, prodotto per diversi tipi di superficie potrebbe essere utile ma preferisco averne uno solo che fa tutto perché non è che io sia propriamente la bella lavanderina. Il prodotto per pulire gli interni della macchina sarebbe interessante ma deve essere molto comodo, magari da lasciare in macchina ed utilizzare quando si ha tempo. Un prodotto che smacchi senza risciacquo sarebbe buono perché così si perde meno tempo a pulire, però non deve lasciare le superfici appiccicose oppure tipo unte sennò mi disturba;Compro tutto al supermercato perché perdo meno tempo, quando vado a fare la spesa compro tutto direttamente ;Si li conosco, ma non li ho mai utilizzati. Non li ho mai visti utilizzare in casa mia e quindi non so se siano buoni prodotti oppure no. Visti al supermerato ;;
uomo ;24;1;Chanteclair, Winnie’s, risparmio casa ;Chanteclair perché lava bene, l’ho sempre visto usare in casa;Diminuirei il prezzo ;Efficacia;Efficacia, prezzo, profumazione;Si, le utilizzo per entrambe le motivazioni;Sempre lo stesso;Universale senza candeggina. No, preferisco universale. Prodotto per interni della macchina non mi interessa, che smacchi con risciacquo, risciacquo lo stesso perché ho paura che ci rimanga il sapone ;Supermercato e venditori specializzati;No, non li conosco e non li ho mai usati;;
uomo;24;1;Cif, Ajax, Maury's;Uso più frequentemente quello di Maury's perché è quello più economico che ho trovato, ho iniziato ad usarlo da quando mi sono trasferito quindi mi serviva qualcosa di economico;Aggiungere qualche buon profumo, tipo arancia, quello con la candeggina preferirei che non ti rimane appicciato l'odore della candeggina adosso;Prezzo;prezzo, efficacia, profumaizone;Non utilizzo le ricariche principalmente perché non ne sono a conoscenza;Penso che dovrò cambiare perché quello di maury's non è molto efficace;Preferirei un prodotto universale, anche forse in ottica di risparmio per l'ambiente e anche per chi come me meno pratico in pulizia sia più semplice organizzarsi, andrebbe bene anche senza candeggina ma dovrebbe avere secondo me lo stesso potenziale di sanificazione;Supermercato;No non lo conosco;;
donna;23;/;Cif, Chanteclaire;Compro quello che costa meno;;Prezzo;;;;Universale;Supermercato;;/;
donna;53;;Chanteclaire, Maury's;Chanteclaire sgrassatore e igenizzante;;Prezzo;;Sono a conoscenza delle ricariche;A volte prendo chanteclaire ma spesso sono soddisfatta dello sgrassatore di Maury’s;Universale;"Supermercati; Discount";;;Utilizza l'aceto per le pulizie
donna;76;;Marsiglia, Chantelcaire;Smac;;Prezzo;;;Vario;Specifici;Supermercato;Si, lo uso. Soddisfatta;;Se non ci fosse un prezzo sceglierebbe Quasar
uomo;30;;Chanteclaire;Chanteclaire;;Prezzo;;Sono a conoscenza delle ricariche e le uso;Vario;Specifici;Supermercato;Si, lo utilizzo. Quando l'ho usato mi sono trovata bene. Ho usato quello per la cucina;;
donna;41;;Chanteclaire;Winni's;;Prezzo;;;Si;Universali;Supermercato;SI l'ho sentito dire ma non l'ho mai usato;;
donna;61;;Chanteclaire, Maury's;Chanteclaire;sulla qualità nessuno, solo nell’ordine del prezzo, perché non costa poco;Prezzo;prezzo, efficacia, profumaizone;;Non necessariamente, ma per i prodotti spray sempre Chanteclaire;Universale;;No;;
donna;60;;Coop;Coop;;Prezzo;;;Cambio in base al prezzo;Universale;Supermercato;No, come sgrassatore no;;
donna;60;;Chanteclaire;Chantelcaire;;Efficacia;Efficacia, profumazione, prezzo;;Vario per curiosità;Specifico;Supermercato;Si l'ho usato, mi piace lascia forse un po' di alone;;
donna;27;;Cif, Chanteclaire, Amuchina;Chanteclaire;;Prezzo;;No, non uso le ricariche;Cambio ogni tanto in base alle offerte;Universali ma per il bagno uso la mousse specifica;Supermercato;non lo uso, ma lo conosco , solo in generale come candeggina ecc;differenziare in base alle tipologie di superfici tipo legno, marmo, pietra o altro;
donna ;43;;Chanteclaire, Citrozil, Coop;Citrozil, mi piace l'odore;;Prezzo;;;Cambio;tendo all’universale, ma per il bagno specifico;Supermercato;No, solo i classici;qualcosa che più che pulisca igenizzi;
donna;31;;“quelli marca costano meno”;;;Prezzo;;;Compro quelle che costano meno;Specifici;Supermercato;No;;
donna;45;;chanteclaire, napisan, ace;chanteclaire perché funziona di più e fa più cose;;Efficacia;;;ho provato a cambiare ma preferisco sempre chanteclaire;Specifici;Supermercati;Si e l’ho provato. non mi ha soddisfatto, non è molto efficace e odore non mi è piaciuto (quello giallo per la cucina);;
donna;27;;smac, napisan, chanteclaire;smac o napisan. Smac perché per la cucina è comodo e non lascia aloni e napisan per il bagno in quanto è igenizzante;;Prezzo;;Si però a volte non le trovo;;Specifici;Supermercati;si uso la mousse con candeggina in quanto molto disincrostante;No;
donna;51;;Ace, arcon, viakal (solo per bagno) per cucina uso qualcosa per calcare ma non ricordo nome (smac );viakal, smac;;Efficacia;;si soprattutto per lavare i vetri;;specifici ;Supermercato;no, lo conosco solo per candeggina;No, preferisco cose semplici usate da genitori, l‘importante è lavorare con le mani;
donna;30;;coop, viakal per il calcare, chanteclair, napisan;coop perché costano meno, o mister muscolo;;Prezzo;;quando posso si, le preferisco perché non voglio consumare plastica (ma anche prezzo);stesso marchio se c’è la ricarica;Universali;Supermercato;si solo di nome, non l’ho mai usato ma lo conosco per passaparola;No;
Donna;59;;Ajax;ajax perché faccio tutto;;Prezzo;;;dipende anche dal prezzo;Specifici;Supermercato e venditori specializzati;come spray non conosco;;
donna;40;;chanteclaire, dixan, coop;coop perché mi trovo bene e rapporto qualità prezzo molto buono;;Prezzo;;si le uso, per un motivo di risparmio sulla plastica;Sempre marchio coop;Specifici;Supermercato;Solo lavatrice conosco;No. Pero opto per roba più bio (mi sono affezionata);
donna;45;;chanteclaire, coop;coop;;Prezzo;;dipende ma di solito spruzzino;Cambio in base alle offerte;Specifici;Supermercato;si però non mi piace, non conosco quello senza candeggina;;
donna;49;7;Cif-Chanteclair-Ace;Cif sgrassatore perché ho visto la pubblicità ed è un prodotto valido ;Niente, vanno bene così;efficacia;Efficacia, prezzo, profumazione;Si sono a conoscenza, li utilizzo ;Vario con i marchi ;Preferisco un prodotto specifico con candeggina perché ha un’efficacia igienizzante. Sono interessata ad un prodotto specifico, vorrei un prodotto per il marmo. ;Rivenditori specializzati;Si si, sono a conoscenza e li utilizzo spesso. Li ho visti sugli scaffali dei negozi specializzati e li ho provati;;
uomo;51;7;Cif-Bref-Chanteclair;Cif perché pulisce bene, è una marca buona e storica;Non cambierei niente;Efficacia;Efficacia, prezzo, profumazione;"Non utilizziamo le ricariche perché non so fare il dosaggio giusto; quindi, non vorrei che la funzionalità poi sia diversa da quella già pronta";Su per giù marchi che sono abbastanza buoni, non sottomarchi o scadenti. Tra i migliori marchi prendo quello che ha il prezzo migliore al momento (offerta);Preferisco un prodotto specifico per ogni settore, se c’è con candeggina dentro meglio ancora perché disinfetta di più. Non sono interessato ad un prodotto per gli interni della macchina. Se ci fosse un prodotto senza risciacquo e nemmeno ad uno per superfici specifiche. ;Presso rivenditori specializzati perché hanno una maggior offerta;Sono a conoscenza della linea ace solo per lavare i pavimenti e la candeggina, Ne sono venuto a conoscenza vedendo il prodotto sugli scaffali;;
uomo;26;2;Quasar e chanteclair;Chanteclair perché è il marchio che ch’ho nell’occhi, lo conosco per visibilità, ad esempio, pubblicità o cose del genere ma anche perché li abbiamo sempre utilizzati in famiglia;No;Efficacia;Efficacia, prezzo, profumazione;Prendo lo spray tutte le volte per lo più per motivi di comodità. Riutilizzo la bottiglia spray per inserirvi altri detergenti non spray, ad esempio per lavare la macchina inserisco lo svelto.;No, preferisco chanteclair;Specifico;Supermercato;No spray no;Su metallo o roba cromata, secondo me lo sgrassatore classico non è adatto perché si appiccica, propongo un prodotto di questo tipo;
donna;26;2;Maurys bio, non ricordo altri  marchi;Maurys;Profumo alla lavanda mi piacerebbe;Efficacia;Efficacia, prezzo, profumazione;So che esistono ma non le uso per comodità;Stesso marchio;specifico;Supermercato e venditori specializzati;Non conosco la linea spray.;Fenix, laminato a freddo, materiale ruvido, le manate ci rimangono e per pulire si utilizza una spugnetta bianca tipo un gesso con quello e acqua calda e detersivo. Vorrei un prodotto senza risciacquo.;
donna;34;3;Chanteclair, deo due, vetril, quazar;Deo due, perché ha un buon odore, l’ho conosciuto tramite pubblicità;Tossicità, spray meno tossici;Efficacia;Efficacia, prezzo, profumazione;No, non le utilizzo per praticità, sono scomode;Cambio per provare anche seguendo le offerte;Specifico. Utilizzo quelli con candeggina per il bagno.;Anche rivenditori specializzati come Marys o risparmio casa perché ne trovo di più;Conosco la linea spray, ma mai utilizzata. Ne sono venuta a conoscenza perché l’ho vista nel supermercato;No;
donna;58;2;Coop, generico;Coop, mi piace perché compro tutto lì, ci sono abituato;Sotto le feste qualcosa di diverso compro;Prezzo;Prezzo, profumazione, efficacia;No, scomodità;No;Universale;Supermercato;Non conosco;;
donna;25;7;Cif, quazar perché mi trovo bene;quazar;Specifico, non cambierei nulla;;Profumazione, efficacia, prezzo;Le conosco e le utilizzi perché sennò è uno spreco e così risparmio;Sempre stesso;specifico;supermercato;Non conosco la linea spray, solo linea lavatrice;Acciaio, legno;
donna;66;7;Lidl perché costano di meno;Lidl costa meno, e mi ci sono trovata bene;No va bene così;;Efficacia, prezzo, profumazione;Sì ma non le utilizzo perché non ci sono abituata;Stesso ultimamente. Prima cambiavo per variare ma adesso lo stesso;universale;Lidl, supermercati ;Conosco linea spray, l’ho conosciuta perché l’ho vista al supermercato e conoscevo già la varichina. Mi sono trovato molto bene in entrambe le situazioni;legno;
donna;37;1;chanteclair;chanteclair;no;;Efficacia, prezzo, profumazione;Sì e le ho utilizzo perché costano meno, meno spreco. Utilizzo le chanteclair;;Specifico, anche se vorrei un universale veramente per tutto, ma ad ora non ne conosco;supermercato;Conosco per candeggina non conosco linea spray;No;
uomo;30;6;Cif, chanteclair, lysoform;Cif in quanto la formula aceto e bicarbonato mi sembra meno chimica. È naturale da quanto si evince nell’etichetta. Da quello che ne so il bicarbonato storicamente pulisce bene (informazioni fornite dall’etichetta) e quindi scelgo questo prodotto;Solo confezioni più grandi e che costassero meno;;Efficacia, prezzo, profumazione;Non conosco. Le prenderei solo con un risparmio evidente;Solo cif;universale;;Non conosco linea spray;Legno. So che c’è ma ne conosco solo uno;
uomo;29;7;Non ricordano;Mi piacciono i natural brand;;;;;;;;;Non mi piacciono con un odore chimico e forte.;
donna;47;0;Cif, winnies (conosciuto tramite mia sorella);Cif, winnies;Mi piacciono quelli che non hanno profumo o profumo fresco;Efficacia;;Non conosco. Ricariche solo per sapone per i piatti o sapone per il bagno;;Non conosco prodotti universali per tutti. Preferisco usare bicarbonato o aceto bianco;Supermercato;Conosco perché hanno pubblicità stupide, con immagine della donna italiana stereotipate. Conosco la linea spray ma mai utilizzata. L’ho conosciuta tramite pubblicità in tv;Legno il quale si sciupa ;
donna;41;1;chanteclair, amuchina, vert (biologico senza nichel);amuchina ovunque. Scelgo prodotti senza nichel in quanto allergica. Mi accerto sul posto che sia scritto nichel free. Scelgo Winnies per il discorso dell’allergia ;;Prezzo;prezzo, profumazione, efficacia ;;cambio spesso;Specifico;Supermercato;non conosco;;
donna;64;3;chanteclair, amuchina, vert (biologico senza nichel);chanteclair o equivalenti senza marca. Conosco generalmente i prodotti sul posto, nei supermercati;Preferisco profumazioni di Marsiglia. Non  ricordo quale ma vorrei uno senza risciacquo. A volte alcuni fanno troppa schiuma.;Efficacia;efficacia,prezzo,profumazione;io non sopporto che spesso non si trovino le ricariche. In passato sul mercato c’erano delle bustine lunghe e strette fatte di materiale biodegradabile. Si inseriva il liquido con l’acqua calda o tiepida in un contenitore che avevo già, si scuoteva e quindi usciva la stessa quantità di prodotto. Era molto meglio per diversi motivi, adesso le ricariche che ci sono utilizzano comunque contenitori di plastica. È uno spreco inutile. Se ci fossero le acquisterei istantaneamente perché constano di meno plastica e sono più facilmente trasportabili.;cambio spesso;Specifico;Supermercato;conosco, l’ho utilizzato mi piace. Ma è troppo caro;in realtà c’è tutto. L’unica parte che non vedo ricoperta è quella dei metalli (argento, ottone);
donna;70;7;Chanteclair o in offerta quello che trovo;Ace sgrassatore. L’ho conosciuto a lavoro.;;;Efficacia, prezzo, profumazione;Sì e le utilizzo. Prendo flaconi o buste;Per gli spray si;Specifico. Per il bagno preferisco con candeggina, altrimenti senza candeggina;Supermercato;Mi sono trovata bene, mi è piaciuta molto la marca che già conosco;Tutto coperto;
donna;21;1;Cif, coop;Coop. Ho iniziato a utilizzarlo perché costava meno;No, sono soddisfatta;;Efficacia, prezzo, profumazione;Sì però non le utilizzo. Però non costano tanto meno quindi non ne vale la pena;Cambio a seconda delle offerte;specifico;supermercato;Si li conosco.  Ma non ho usato spray.;No. Ma magari per il legno.;
donna;61;6;Chanteclair (preferito, perché funziona su tutto) marchio conad;chanteclair;no;;Efficacia, prezzo, profumazione;Le conosco e le utilizzo. Le acquisto perché si utilizza meno plastica;Non cambio;Specifico per macchie. Universale per altre cose;supermercato;Conosco, ma non lo uso. L’ho conosciuto provandolo e tramite passaparola. Mi sono trovato bene, ma preferisco per smacchiare chanteclair. Ace per bagno e superfici lo preferisco anche a livello di profumazione.;;
donna;55;0;Amuchina, bref;Amuchina perché disinfetta ma non è uno sgrassatore;Cambierei la composizione interna, lascia troppo appiccicoso e non sgrassano;;Efficacia, prezzo, profumazione;Si le conosco. Ma non le uso;;/;;Non conosco;;
donna;60;3;In base alle offerte;Non so nemmeno le marche. Cif conosco;A me piacciono le ricariche. Vado per offerte;;Efficacia, prezzo, profumazione;Uso i boccioni pronti;Cambio spesso;Specifico. Non guardo se con candeggina o senza candeggina;supermercati;Non conosco direttamente. Se li trovo in offerta li prendo;Li farei più grossi;
donna;73;7;Chanteclair, amuchina,viakal, ajax;Li uso a rotazione. Utilizzo quelli con probiotici, i quali annullano lo sporco. Uno che uso è chanteclair;Non troppo profumo, meno chimico, meno aggiunte inutili;;Efficacia, prezzo, profumazione;Le conosco ma non le utilizzo perché non le trovo a parte alla coop;Cambio anche in base alle offerte;Universale. Ma per materiali specifico preferisco prodotto specifico. Preferisco senza candeggina;supermercati;Non conosco la linea ace.;La superficie più difficile sono le ceramiche dei bagni. È li che ho provato probiotici;