title,price,rating,reviews,availability,colore,Dimensione prodotto,peso_articolo,link
"Napisan Spray Disinfettante Multisuperfici, Limone e Menta, Confezione da 12 Spray Disinfettanti, Spray da 750 ml","23,99€",4.7,197.0,Disponibilità immediata,['bianco'],"35,2 x 23,2 x 28,7 cm",,https://www.amazon.it/Napisan-Igienizzante-Superfici-Limone-Confezione/dp/B018U6VDRE/ref=sr_1_145_sspa?__mk_it_IT=%C3%85M%C3%85%C5%BD%C3%95%C3%91&crid=JAY03S5DCEYW&keywords=sgrassatori+spray&qid=1700829358&sprefix=sgrassatore+spray%2Caps%2C123&sr=8-145-spons&sp_csd=d2lkZ2V0TmFtZT1zcF9hdGZfbmV4dA&psc=1
"BactPro - BactHome - elimina odori, macchie di sudore e urina da materassi, vestiti, tessuti, scarpe e attrezzature sportive - Attivatore Biologico - Spray 750 ml","15,99€",4.3,913.0,Disponibilità immediata,"['nero', 'rosa', 'giallo']","‎5,5 x 10 x 30 cm; 850 grammi",,https://www.amazon.it/BactHome-materassi-attrezzature-attivatore-biologico/dp/B09B2QH4FX/ref=sr_1_146_sspa?__mk_it_IT=%C3%85M%C3%85%C5%BD%C3%95%C3%91&crid=JAY03S5DCEYW&keywords=sgrassatori+spray&qid=1700829358&sprefix=sgrassatore+spray%2Caps%2C123&sr=8-146-spons&sp_csd=d2lkZ2V0TmFtZT1zcF9hdGZfbmV4dA&psc=1
"Fulcron Sgrassatore Pronto all'Uso, Super Sgrassatore Spray Professionale, Igienizzante Universale, Per Ogni tipo di Sporco, Pulizia Profonda, Profumato, 750 ml","7,50€",4.4,165.0,Disponibilità immediata,[],"‎11,3 x 5,2 x 27,3 cm; 891,66 grammi",892.0,https://www.amazon.it/Sgrassatore-Professionale-Igienizzante-Universale-Profumato/dp/B08D6RYVR6/ref=sr_1_147_sspa?__mk_it_IT=%C3%85M%C3%85%C5%BD%C3%95%C3%91&crid=JAY03S5DCEYW&keywords=sgrassatori+spray&qid=1700829358&sprefix=sgrassatore+spray%2Caps%2C123&sr=8-147-spons&sp_csd=d2lkZ2V0TmFtZT1zcF9hdGZfbmV4dA&psc=1
"ECASAN Spray Igienizzante Multiuso Spray Disinfettante Tessuti, Superfici e Oggetti, Sanificante Ambienti Prodotto Naturale e Delicato per Pulizia Casa e Cucina - Formula Green e Vegan (500 ml)","12,90€",4.5,67.0,Disponibilità immediata,[],,,https://www.amazon.it/Igienizzante-Ambienti-Multiuso-Superfici-Sanificante/dp/B0BN1QVDPM/ref=sr_1_148_sspa?__mk_it_IT=%C3%85M%C3%85%C5%BD%C3%95%C3%91&crid=JAY03S5DCEYW&keywords=sgrassatori+spray&qid=1700829358&sprefix=sgrassatore+spray%2Caps%2C123&sr=8-148-spons&sp_csd=d2lkZ2V0TmFtZT1zcF9hdGZfbmV4dA&psc=1
"Rhütten Azione Disodorante Pulitore Schiumogeno per la Pulizia dei Tessuti, Dotato di Spazzola, 400 ml","6,69€",4.0,856.0,Disponibilità immediata,[],‎6 x 6 x 25 cm; 440 grammi,440.0,https://www.amazon.it/Rhutten-180716-Pulitore-Tessuti-Spazzola/dp/B01M70QCWO/ref=sr_1_149?__mk_it_IT=%C3%85M%C3%85%C5%BD%C3%95%C3%91&crid=JAY03S5DCEYW&keywords=sgrassatori+spray&qid=1700829358&sprefix=sgrassatore+spray%2Caps%2C123&sr=8-149
3 Pulitore vetro camino pulizia vetri caminetti stufe Flacone da 750 ml rimuovi fuliggine sgrassatore professionale,"29,90€",3.0,2.0,Disponibilità immediata,['nero'],,,https://www.amazon.it/Pulitore-caminetti-fuliggine-sgrassatore-professionale/dp/B08W5H4V1F/ref=sr_1_150?__mk_it_IT=%C3%85M%C3%85%C5%BD%C3%95%C3%91&crid=JAY03S5DCEYW&keywords=sgrassatori+spray&qid=1700829358&sprefix=sgrassatore+spray%2Caps%2C123&sr=8-150
"Bardahl K9 - Pulitore Sgrassatore Catena Bici e Moto Superiore, Rimuovere Morchie, Olio, Sgrassante Chain Cleaner for Bike and Motorcycle","12,50€",4.1,20.0,Disponibilità immediata,[],,,https://www.amazon.it/Bardahl-Superiore-Sgrassatore-Sgrassante-Motorcycle/dp/B0BHT4GC8L/ref=sr_1_151?__mk_it_IT=%C3%85M%C3%85%C5%BD%C3%95%C3%91&crid=JAY03S5DCEYW&keywords=sgrassatori+spray&qid=1700829358&sprefix=sgrassatore+spray%2Caps%2C123&sr=8-151
"Napisan Spray Disinfettante Multisuperfici, Limone e Menta, Confezione da 12 Spray Disinfettanti, Spray da 750 ml","23,99€",4.7,197.0,Disponibilità immediata,['bianco'],"35,2 x 23,2 x 28,7 cm",,https://www.amazon.it/Napisan-Igienizzante-Superfici-Limone-Confezione/dp/B018U6VDRE/ref=sxin_17_pa_sp_search_thematic_sspa?__mk_it_IT=%C3%85M%C3%85%C5%BD%C3%95%C3%91&content-id=amzn1.sym.67a3e64a-7fcc-40cb-a348-256ff292c061%3Aamzn1.sym.67a3e64a-7fcc-40cb-a348-256ff292c061&crid=JAY03S5DCEYW&cv_ct_cx=sgrassatori+spray&keywords=sgrassatori+spray&pd_rd_i=B018U6VDRE&pd_rd_r=b2cae5be-dd41-4c56-8ff8-25943e961200&pd_rd_w=OR0xf&pd_rd_wg=tHeen&pf_rd_p=67a3e64a-7fcc-40cb-a348-256ff292c061&pf_rd_r=5VFE7EN8VK48M2D4RS9G&qid=1700829358&sbo=RZvfv%2F%2FHxDF%2BO5021pAnSA%3D%3D&sprefix=sgrassatore+spray%2Caps%2C123&sr=1-145-b1149505-6a8e-43e6-ad16-2b4f2671e365-spons&sp_csd=d2lkZ2V0TmFtZT1zcF9zZWFyY2hfdGhlbWF0aWM&psc=1
"BactPro - BactHome - elimina odori, macchie di sudore e urina da materassi, vestiti, tessuti, scarpe e attrezzature sportive - Attivatore Biologico - Spray 750 ml","15,99€",4.3,913.0,Disponibilità immediata,"['nero', 'rosa', 'giallo']","‎5,5 x 10 x 30 cm; 850 grammi",,https://www.amazon.it/BactHome-materassi-attrezzature-attivatore-biologico/dp/B09B2QH4FX/ref=sxin_17_pa_sp_search_thematic_sspa?__mk_it_IT=%C3%85M%C3%85%C5%BD%C3%95%C3%91&content-id=amzn1.sym.67a3e64a-7fcc-40cb-a348-256ff292c061%3Aamzn1.sym.67a3e64a-7fcc-40cb-a348-256ff292c061&crid=JAY03S5DCEYW&cv_ct_cx=sgrassatori+spray&keywords=sgrassatori+spray&pd_rd_i=B09B2QH4FX&pd_rd_r=b2cae5be-dd41-4c56-8ff8-25943e961200&pd_rd_w=OR0xf&pd_rd_wg=tHeen&pf_rd_p=67a3e64a-7fcc-40cb-a348-256ff292c061&pf_rd_r=5VFE7EN8VK48M2D4RS9G&qid=1700829358&sbo=RZvfv%2F%2FHxDF%2BO5021pAnSA%3D%3D&sprefix=sgrassatore+spray%2Caps%2C123&sr=1-146-b1149505-6a8e-43e6-ad16-2b4f2671e365-spons&sp_csd=d2lkZ2V0TmFtZT1zcF9zZWFyY2hfdGhlbWF0aWM&psc=1
"Chanteclair - Sgrassatore Universale Formato Ricarica, Superpotente, Profumo di Limone, Formula Originale - 12 Flaconi da 750 ml","23,40€",4.4,194.0,Disponibilità immediata,[],,,https://www.amazon.it/CHANTECLAIR-Ricarica-Sgrassatore-Universale-Profumo/dp/B09BK39631/ref=sxin_17_pa_sp_search_thematic_sspa?__mk_it_IT=%C3%85M%C3%85%C5%BD%C3%95%C3%91&content-id=amzn1.sym.67a3e64a-7fcc-40cb-a348-256ff292c061%3Aamzn1.sym.67a3e64a-7fcc-40cb-a348-256ff292c061&crid=JAY03S5DCEYW&cv_ct_cx=sgrassatori+spray&keywords=sgrassatori+spray&pd_rd_i=B09BK39631&pd_rd_r=b2cae5be-dd41-4c56-8ff8-25943e961200&pd_rd_w=OR0xf&pd_rd_wg=tHeen&pf_rd_p=67a3e64a-7fcc-40cb-a348-256ff292c061&pf_rd_r=5VFE7EN8VK48M2D4RS9G&qid=1700829358&sbo=RZvfv%2F%2FHxDF%2BO5021pAnSA%3D%3D&sprefix=sgrassatore+spray%2Caps%2C123&sr=1-147-b1149505-6a8e-43e6-ad16-2b4f2671e365-spons&sp_csd=d2lkZ2V0TmFtZT1zcF9zZWFyY2hfdGhlbWF0aWM&psc=1
"Smac Express - Sgrassatore Disinfettante, Detergente Spray Multisuperficie con Azione Sgrassante e Antibatterica, 650 ml x 2 Pezzi","3,10€",4.7,625.0,Generalmente  spedito entro 1-4 settimane,['bianco'],"‎19,8 x 6,1 x 30 cm; 1,43 Kg",,https://www.amazon.it/Smac-Express-Disinfettante-Multisuperficie-Antibatterica/dp/B08SXYZKZB/ref=sxin_17_pa_sp_search_thematic_sspa?__mk_it_IT=%C3%85M%C3%85%C5%BD%C3%95%C3%91&content-id=amzn1.sym.67a3e64a-7fcc-40cb-a348-256ff292c061%3Aamzn1.sym.67a3e64a-7fcc-40cb-a348-256ff292c061&crid=JAY03S5DCEYW&cv_ct_cx=sgrassatori+spray&keywords=sgrassatori+spray&pd_rd_i=B08SXYZKZB&pd_rd_r=b2cae5be-dd41-4c56-8ff8-25943e961200&pd_rd_w=OR0xf&pd_rd_wg=tHeen&pf_rd_p=67a3e64a-7fcc-40cb-a348-256ff292c061&pf_rd_r=5VFE7EN8VK48M2D4RS9G&qid=1700829358&sbo=RZvfv%2F%2FHxDF%2BO5021pAnSA%3D%3D&sprefix=sgrassatore+spray%2Caps%2C123&sr=1-148-b1149505-6a8e-43e6-ad16-2b4f2671e365-spons&sp_csd=d2lkZ2V0TmFtZT1zcF9zZWFyY2hfdGhlbWF0aWM&psc=1
"Smac Express - Sgrassatore Universale, Detergente Spray Multisuperficie con Azione Sgrassante e Tecnologia Zero Aloni, 650 ml x 12 Pezzi","18,60€",4.7,331.0,Disponibilità:  solo 7 -- ordina subito (ulteriori in arrivo).,[],"‎40,5 x 19,7 x 31,6 cm; 8,88 Kg",,https://www.amazon.it/Smac-Sgrassatore-Universale-Detergente-Multisuperficie/dp/B08VKBWXH8/ref=sxin_17_pa_sp_search_thematic_sspa?__mk_it_IT=%C3%85M%C3%85%C5%BD%C3%95%C3%91&content-id=amzn1.sym.67a3e64a-7fcc-40cb-a348-256ff292c061%3Aamzn1.sym.67a3e64a-7fcc-40cb-a348-256ff292c061&crid=JAY03S5DCEYW&cv_ct_cx=sgrassatori+spray&keywords=sgrassatori+spray&pd_rd_i=B08VKBWXH8&pd_rd_r=b2cae5be-dd41-4c56-8ff8-25943e961200&pd_rd_w=OR0xf&pd_rd_wg=tHeen&pf_rd_p=67a3e64a-7fcc-40cb-a348-256ff292c061&pf_rd_r=5VFE7EN8VK48M2D4RS9G&qid=1700829358&rdc=1&sbo=RZvfv%2F%2FHxDF%2BO5021pAnSA%3D%3D&sprefix=sgrassatore+spray%2Caps%2C123&sr=1-149-b1149505-6a8e-43e6-ad16-2b4f2671e365-spons&sp_csd=d2lkZ2V0TmFtZT1zcF9zZWFyY2hfdGhlbWF0aWM&psc=1
BOX ALGA BIO- 1 Sapone gel da 1250 ml-1 Sgrassatore Universale-1 Sapone Solido-1 Percarbonato di Sodio Attivato (4 Pezzi),"22,99€",4.1,13.0,Disponibilità immediata,['verde'],,400.0,https://www.amazon.it/Sgrassatore-Universale-1-Solido-1-Percarbonato-Attivato/dp/B0C34B4N7T/ref=sr_1_152?__mk_it_IT=%C3%85M%C3%85%C5%BD%C3%95%C3%91&crid=JAY03S5DCEYW&keywords=sgrassatori+spray&qid=1700829358&sprefix=sgrassatore+spray%2Caps%2C123&sr=8-152
"MRS MEYER'S CLEAN DAY 1 Detersivo Piatti + 2 Sapone Liquido Mani, Fragranza Lavanda con Oli essenziali","6,99€",4.4,60.0,Disponibilità immediata,['nero'],"‎21 x 8 x 27 cm; 1,5 Kg",,https://www.amazon.it/Mrs-Meyers-Clean-Day-essenziali/dp/B08PQMK19G/ref=sr_1_153?__mk_it_IT=%C3%85M%C3%85%C5%BD%C3%95%C3%91&crid=JAY03S5DCEYW&keywords=sgrassatori+spray&qid=1700829358&rdc=1&sprefix=sgrassatore+spray%2Caps%2C123&sr=8-153
"Multiaceto Aceto Naturale Con Aroma Al Limone – Metodo Ecologico Per Pulire E Disinfettare Superfici, Oggetti Alimentari – Antibatterico – Cura Farma 1 Dosatore + 2 Ricariche)","15,88€",2.6,5.0,Disponibilità: solo 10,['azzurro'],,,https://www.amazon.it/Multiaceto-Aceto-Naturale-Aroma-Limone/dp/B07PPB32V1/ref=sr_1_154?__mk_it_IT=%C3%85M%C3%85%C5%BD%C3%95%C3%91&crid=JAY03S5DCEYW&keywords=sgrassatori+spray&qid=1700829358&sprefix=sgrassatore+spray%2Caps%2C123&sr=8-154
"Motorex “Chain Clean Degreaser” - Sgrassatore spray per catena, 500 ml","22,56€",4.6,62.0,Disponibilità: solo 1,"['bianco', 'blu']",,,https://www.amazon.it/MOTOREX-Chain-Clean-Degreaser-detergente/dp/B07KPQNWRR/ref=sr_1_155?__mk_it_IT=%C3%85M%C3%85%C5%BD%C3%95%C3%91&crid=JAY03S5DCEYW&keywords=sgrassatori+spray&qid=1700829358&sprefix=sgrassatore+spray%2Caps%2C123&sr=8-155
"Napisan Spray Igienizzante Multisuperfici al Limone, Confezione da 12x750 ml di Igienizzante Spray Potere Sgrassante per l'Igiene delle Superfici della Cucina","€24,12",4.6,85.0,Not Available,['nero'],"‎35,6 x 23,3 x 29 cm; 9,4 Kg",,https://www.amazon.it/Napisan-Igienizzante-Multisuperfici-Sgrassante-Confezioni/dp/B078YL5T41/ref=sr_1_156?__mk_it_IT=%C3%85M%C3%85%C5%BD%C3%95%C3%91&crid=JAY03S5DCEYW&keywords=sgrassatori+spray&qid=1700829358&sprefix=sgrassatore+spray%2Caps%2C123&sr=8-156
Svelto Power Spray Anti-Odore 435ml,"€3,18",4.4,9.0,Not Available,[],,,https://www.amazon.it/Svelto-Power-Spray-Anti-Odore-435ml/dp/B09V7TVSJN/ref=sr_1_157?__mk_it_IT=%C3%85M%C3%85%C5%BD%C3%95%C3%91&crid=JAY03S5DCEYW&keywords=sgrassatori+spray&qid=1700829358&sprefix=sgrassatore+spray%2Caps%2C123&sr=8-157
Sgrassatore inox Spray - 500ml,"9,90€",3.9,32.0,Disponibilità immediata,['rosso'],‎7 x 6 x 25 cm; 500 grammi,500.0,https://www.amazon.it/Care-PROTECT-35602115-Sgrassatore-conservando/dp/B07YYLRXCH/ref=sr_1_158?__mk_it_IT=%C3%85M%C3%85%C5%BD%C3%95%C3%91&crid=JAY03S5DCEYW&keywords=sgrassatori+spray&qid=1700829358&sprefix=sgrassatore+spray%2Caps%2C123&sr=8-158
"Vitroclen Spray detergente piastra induzione quotidiana protezione antigraffio e ultra lucente, 250 ml","8,07€",4.2,1114.0,Disponibilità immediata,[],,,https://www.amazon.it/Vitroclen-Pistola-induzione-250-confezione/dp/B082VVHM8T/ref=sr_1_159?__mk_it_IT=%C3%85M%C3%85%C5%BD%C3%95%C3%91&crid=JAY03S5DCEYW&keywords=sgrassatori+spray&qid=1700829358&sprefix=sgrassatore+spray%2Caps%2C123&sr=8-159
"SIGILL, Detergente Condizionatori Spray, Igienizzate che Elimina gli Odori in Aerosol, Ideato per gli Impianti di Aria Condizionata di Case e Autovetture, Made in Italy, Bombola 400 ml","4,97€",4.2,70.0,Disponibilità immediata,['rosa'],,330.0,https://www.amazon.it/SIGILL-DETERGENTE-CONDIZIONATORI-SPRAY/dp/B089DP9DLF/ref=sr_1_160?__mk_it_IT=%C3%85M%C3%85%C5%BD%C3%95%C3%91&crid=JAY03S5DCEYW&keywords=sgrassatori+spray&qid=1700829358&sprefix=sgrassatore+spray%2Caps%2C123&sr=8-160
"Citrosil Home Protection - Sgrassatore Disinfettante Universale con Vere Essenze di Limone, 650 ml x 3 Confezioni","8,97€",4.6,347.0,Disponibilità immediata,[],"‎9,9 x 6,1 x 30 cm; 720 grammi",,https://www.amazon.it/Citrosil-Home-Protection-Sgrassatore-Disinfettante/dp/B091BYZR1H/ref=sr_1_161_sspa?__mk_it_IT=%C3%85M%C3%85%C5%BD%C3%95%C3%91&crid=JAY03S5DCEYW&keywords=sgrassatori+spray&qid=1700829358&rdc=1&sprefix=sgrassatore+spray%2Caps%2C123&sr=8-161-spons&sp_csd=d2lkZ2V0TmFtZT1zcF9tdGY&psc=1
"Smac Express - Sgrassatore Disinfettante, Detergente Spray Multisuperficie con Azione Sgrassante e Antibatterica, 650 ml x 2 Pezzi","3,10€",4.7,625.0,Generalmente  spedito entro 1-4 settimane,['bianco'],"‎19,8 x 6,1 x 30 cm; 1,43 Kg",,https://www.amazon.it/Smac-Express-Disinfettante-Multisuperficie-Antibatterica/dp/B08SXYZKZB/ref=sr_1_162_sspa?__mk_it_IT=%C3%85M%C3%85%C5%BD%C3%95%C3%91&crid=JAY03S5DCEYW&keywords=sgrassatori+spray&qid=1700829358&sprefix=sgrassatore+spray%2Caps%2C123&sr=8-162-spons&sp_csd=d2lkZ2V0TmFtZT1zcF9tdGY&psc=1
"QUARISS Detergente Naturale per Rubinetterie e Ceramiche Nere - Detergente per Bagno Doccia Anticalcare Forte per Rubinetto Lavandino Bagno Soffione Doccia Piastrelle 0,5 L","16,99€",3.8,125.0,Disponibilità: solo 2,[],,,https://www.amazon.it/QUARISS-Detergente-Naturale-Rubinetterie-Ceramiche/dp/B09MM4DHXB/ref=sr_1_163_sspa?__mk_it_IT=%C3%85M%C3%85%C5%BD%C3%95%C3%91&crid=JAY03S5DCEYW&keywords=sgrassatori+spray&qid=1700829358&sprefix=sgrassatore+spray%2Caps%2C123&sr=8-163-spons&sp_csd=d2lkZ2V0TmFtZT1zcF9tdGY&psc=1
"Ma-Fra, Killer, Detergente Spray per Auto, Elimina Macchie e Tracce di Insetti e Moscerini in modo Facile e Veloce Senza Strofinare, Formato da 500ml","8,90€",4.4,2059.0,Disponibilità immediata,['rosso'],"‎24,4 x 8,8 x 5,5 cm; 480 grammi",,https://www.amazon.it/Ma-Fra-HN070-Killer-Elimina-Insetti/dp/B00GMHM6ZW/ref=sr_1_164?__mk_it_IT=%C3%85M%C3%85%C5%BD%C3%95%C3%91&crid=JAY03S5DCEYW&keywords=sgrassatori+spray&qid=1700829358&sprefix=sgrassatore+spray%2Caps%2C123&sr=8-164
6 PZ SPLENDEO PERFETTO SPRAY 750ML SGRASSATORE [TOTALE 4500ML],"29,60€",5.0,1.0,Disponibilità: solo 3,[],,,https://www.amazon.it/SPLENDEO-PERFETTO-SGRASSATORE-TOTALE-4500ML/dp/B08Z9FGYL4/ref=sr_1_165?__mk_it_IT=%C3%85M%C3%85%C5%BD%C3%95%C3%91&crid=JAY03S5DCEYW&keywords=sgrassatori+spray&qid=1700829358&sprefix=sgrassatore+spray%2Caps%2C123&sr=8-165
ACE SPRAY SGRASSATORE CUCINA SENZA CANDEGGINA LIMONE E BERGAMOTTO 6 CONFEZIONI DA 500 ML [TOTALE 3000 ML],"€3,18",5.0,1.0,Not Available,[],,,https://www.amazon.it/ACE-SGRASSATORE-CANDEGGINA-BERGAMOTTO-CONFEZIONI/dp/B08XJRHRH9/ref=sr_1_166?__mk_it_IT=%C3%85M%C3%85%C5%BD%C3%95%C3%91&crid=JAY03S5DCEYW&keywords=sgrassatori+spray&qid=1700829358&sprefix=sgrassatore+spray%2Caps%2C123&sr=8-166
"Muc Off Disc - Detergente per freni a disco, 400 ml","19,90€",4.6,608.0,Generalmente  spedito entro 4-5 giorni,"['blu', 'marrone']","‎15 x 10 x 20 cm; 0,4 grammi",,https://www.amazon.it/Muc-off-Detergente-Brake-Cleaner-Ruote/dp/B01BKE0RDY/ref=sr_1_167?__mk_it_IT=%C3%85M%C3%85%C5%BD%C3%95%C3%91&crid=JAY03S5DCEYW&keywords=sgrassatori+spray&qid=1700829358&sprefix=sgrassatore+spray%2Caps%2C123&sr=8-167
"Chanteclair - Sgrassatore Universale Disinfettante Spray, Fragranza Floral, Presidio Medico Chirurgico - 12 Flaconi da 750 ml","€39,98",3.6,6.0,Not Available,[],,,https://www.amazon.it/Chanteclair-Sgrassatore-Universale-Disinfettante-Floral/dp/B09BK5FLKQ/ref=sr_1_168?__mk_it_IT=%C3%85M%C3%85%C5%BD%C3%95%C3%91&crid=JAY03S5DCEYW&keywords=sgrassatori+spray&qid=1700829358&sprefix=sgrassatore+spray%2Caps%2C123&sr=8-168
"6x Sgrassatore Spray 750 ml per Per tutti i tipi di superfici e vestiti,Detergente Professionale Pistola anche per Acciaio Inox, piano induzione. Destello R-7 Confezione 6 pezzi 4500ml","13,99€",5.0,1.0,Disponibilità: solo 4,[],,,https://www.amazon.it/Sgrassatore-Detergente-Professionale-induzione-Confezione/dp/B08W8W3JSS/ref=sr_1_169?__mk_it_IT=%C3%85M%C3%85%C5%BD%C3%95%C3%91&crid=JAY03S5DCEYW&keywords=sgrassatori+spray&qid=1700829358&sprefix=sgrassatore+spray%2Caps%2C123&sr=8-169
"Interchem ARSG0.75X6 Argonit Sgrassatore Sgrassatore con Igienizzante, 6 Flaconi Spray da 750 ml","27,40€",4.7,2.0,Disponibilità: solo 2,[],187 x 198 x 293 cm,,https://www.amazon.it/Interchem-ARSG0-75X6-Argonit-Sgrassatore-Igienizzante/dp/B07J1NZPVM/ref=sr_1_170?__mk_it_IT=%C3%85M%C3%85%C5%BD%C3%95%C3%91&crid=JAY03S5DCEYW&keywords=sgrassatori+spray&qid=1700829358&sprefix=sgrassatore+spray%2Caps%2C123&sr=8-170
Ecover ECV prodotto per la pulizia Spray 500 ml,"6,68€",4.6,41.0,Disponibilità immediata,[],"‎9,3 x 4,5 x 26,2 cm; 550 grammi",,https://www.amazon.it/Ecover-ECV-prodotto-pulizia-Spray/dp/B098TSYHK7/ref=sr_1_171?__mk_it_IT=%C3%85M%C3%85%C5%BD%C3%95%C3%91&crid=JAY03S5DCEYW&keywords=sgrassatori+spray&qid=1700829358&sprefix=sgrassatore+spray%2Caps%2C123&sr=8-171
"Napisan Spray Igienizzante Superfici, Classico, 750 ml",,4.7,1080.0,Not Available,['rosa'],"‎5,6 x 11,2 x 28,4 cm; 750 grammi",,https://www.amazon.it/Napisan-Spray-Igienizzante-Superfici-Classico/dp/B00XI7MOD8/ref=sr_1_172?__mk_it_IT=%C3%85M%C3%85%C5%BD%C3%95%C3%91&crid=JAY03S5DCEYW&keywords=sgrassatori+spray&qid=1700829358&sprefix=sgrassatore+spray%2Caps%2C123&sr=8-172
"The Pink Stuff The Miracle, detergente spray multiuso per superfici dure, 750 ml","9,99€",4.4,22451.0,Disponibilità immediata,['rosa'],"‎6,78 x 9,5 x 29,49 cm; 300,5 grammi",300.0,https://www.amazon.it/Pink-Stuff-miracoloso-detergente-multiuso/dp/B07T9C5CQR/ref=sr_1_173?__mk_it_IT=%C3%85M%C3%85%C5%BD%C3%95%C3%91&crid=JAY03S5DCEYW&keywords=sgrassatori+spray&qid=1700829358&sprefix=sgrassatore+spray%2Caps%2C123&sr=8-173
"SONAX 03552410 Spray antiappannamento, protezione antiappannamento per tutti i vetri in plastica per una visione completa, 500 ml","20,89€",3.8,2376.0,Disponibilità immediata,['verde'],"‎9,7 x 5,7 x 23,7 cm; 570 grammi",570.0,https://www.amazon.it/SONAX-03552410-Spray-Anti-Appannamento-500/dp/B07M5KP576/ref=sr_1_174?__mk_it_IT=%C3%85M%C3%85%C5%BD%C3%95%C3%91&crid=JAY03S5DCEYW&keywords=sgrassatori+spray&qid=1700829358&sprefix=sgrassatore+spray%2Caps%2C123&sr=8-174
"WD-40 Bike Detergente Bici Spray ad Azione Rapida, 500 ml","11,90€",4.5,1418.0,Disponibilità immediata,['blu'],30 x 30 x 30 cm,,https://www.amazon.it/WD-40-BIKE-Detergente-Azione-Rapida/dp/B072KRTSFY/ref=sr_1_175?__mk_it_IT=%C3%85M%C3%85%C5%BD%C3%95%C3%91&crid=JAY03S5DCEYW&keywords=sgrassatori+spray&qid=1700829358&sprefix=sgrassatore+spray%2Caps%2C123&sr=8-175
"Wc Net - Bagno e Wc con Candeggina, Detergente Spray per Sanitari e Superfici, Azione Igienizzante e Sbiancante, 600 ml","2,68€",4.4,76.0,Disponibilità immediata,"['rosso', 'blu']",‎1 x 1 x 1 cm; 10 grammi,,https://www.amazon.it/Wc-Net-Trigger-Mousse-Candeggina/dp/B014UVD6BO/ref=sr_1_176?__mk_it_IT=%C3%85M%C3%85%C5%BD%C3%95%C3%91&crid=JAY03S5DCEYW&keywords=sgrassatori+spray&qid=1700829358&rdc=1&sprefix=sgrassatore+spray%2Caps%2C123&sr=8-176
"Chanteclair - Multiuso Igienizzante - Zero Aloni e Residui, Spray Ideale per Piccole Superfici anche a Contatto con Alimenti, Forza&Igiene - 12 Flaconi da 625 ml","27,11€",4.9,40.0,Disponibilità immediata,"['bianco', 'blu']",,,https://www.amazon.it/CHANTECLAIR-Multiuso-Igienizzante-Spray-Confezione/dp/B09S6KH1JT/ref=sr_1_177_sspa?__mk_it_IT=%C3%85M%C3%85%C5%BD%C3%95%C3%91&crid=JAY03S5DCEYW&keywords=sgrassatori+spray&qid=1700829358&sprefix=sgrassatore+spray%2Caps%2C123&sr=8-177-spons&sp_csd=d2lkZ2V0TmFtZT1zcF9tdGY&psc=1
"Fulcron Super Concentrato Sgrassatore Spray, 500 ml","9,90€",4.5,2207.0,Disponibilità immediata,['bianco'],‎4 x 8 x 24 cm; 580 grammi,580.0,https://www.amazon.it/Fulcron-Super-Concentrato-Sgrassatore-500/dp/B007IIIQVC/ref=sr_1_178_sspa?__mk_it_IT=%C3%85M%C3%85%C5%BD%C3%95%C3%91&crid=JAY03S5DCEYW&keywords=sgrassatori+spray&qid=1700829358&sprefix=sgrassatore+spray%2Caps%2C123&sr=8-178-spons&sp_csd=d2lkZ2V0TmFtZT1zcF9tdGY&psc=1
WEICON Detergente agli Agrumi Spray 400 ml/Detergente universale/Pulizia e disinfezione di supporto delle superfici,"13,59€",5.0,3.0,Disponibilità immediata,[],,,https://www.amazon.it/WEICON-Detergente-universale-disinfezione-superfici/dp/B087C9VKGX/ref=sr_1_179_sspa?__mk_it_IT=%C3%85M%C3%85%C5%BD%C3%95%C3%91&crid=JAY03S5DCEYW&keywords=sgrassatori+spray&qid=1700829358&sprefix=sgrassatore+spray%2Caps%2C123&sr=8-179-spons&sp_csd=d2lkZ2V0TmFtZT1zcF9tdGY&psc=1
Fabuloso Spray Profumatore per Tessuti Fresco Mattino 2x250ml | Spruzzo Sottile e Uniforme | Utilizzabile su Capi e Tessuti Bagnati,"9,99€",3.9,43.0,Disponibilità immediata,[],"‎8,8 x 15 x 19,4 cm; 600 grammi",,https://www.amazon.it/Fabuloso-Profumatore-Tessuti-Uniforme-Utilizzabile/dp/B0CHN1J89S/ref=sr_1_180_sspa?__mk_it_IT=%C3%85M%C3%85%C5%BD%C3%95%C3%91&crid=JAY03S5DCEYW&keywords=sgrassatori+spray&qid=1700829358&sprefix=sgrassatore+spray%2Caps%2C123&sr=8-180-spons&sp_csd=d2lkZ2V0TmFtZT1zcF9tdGY&psc=1
"Mellerud MEL0271 Sgrassatore Efficace Spray per Rimuovere Grasso e incrostazioni in Cucina e Molto Altro Ancora. -1 x 0,5 l","€6,99",4.4,1313.0,Not Available,['rosso'],"‎6 x 7,5 x 24 cm; 590 grammi",590.0,https://www.amazon.it/Mellerud-MEL0271-Sgrassatore-Rimuovere-incrostazioni/dp/B002S26TEE/ref=sr_1_181?__mk_it_IT=%C3%85M%C3%85%C5%BD%C3%95%C3%91&crid=JAY03S5DCEYW&keywords=sgrassatori+spray&qid=1700829358&sprefix=sgrassatore+spray%2Caps%2C123&sr=8-181
"Smac Express Sgrassatore Cucina al Limone, Detergente Spray Multisuperficie con Azione Sgrassante, 650 ml x 12 Pezzi","41,49€",4.6,76.0,Disponibilità immediata,[],"‎40,5 x 19,7 x 31,6 cm; 8,94 Kg",,https://www.amazon.it/Sgrassatore-Limone-Smac-M74351-conf/dp/B00YHE5OTW/ref=sr_1_182?__mk_it_IT=%C3%85M%C3%85%C5%BD%C3%95%C3%91&crid=JAY03S5DCEYW&keywords=sgrassatori+spray&qid=1700829358&sprefix=sgrassatore+spray%2Caps%2C123&sr=8-182
"Ace Spray Universale Ossigeno Attivo, 750ml",,4.6,55.0,Not Available,[],‎356 x 215 x 324 cm; 750 grammi,,https://www.amazon.it/Spray-Universale-Ossigeno-Attivo-750ml/dp/B093QQ3N9D/ref=sr_1_183?__mk_it_IT=%C3%85M%C3%85%C5%BD%C3%95%C3%91&crid=JAY03S5DCEYW&keywords=sgrassatori+spray&qid=1700829358&sprefix=sgrassatore+spray%2Caps%2C123&sr=8-183
CARE + PROTECT Sgrassatore Spray per Microonde (500 ml),"€6,99",4.1,8.0,Not Available,[],‎7 x 6 x 25 cm; 580 grammi,,https://www.amazon.it/CARE-PROTECT-Sgrassatore-Spray-Microonde/dp/B072K2K9D9/ref=sr_1_184?__mk_it_IT=%C3%85M%C3%85%C5%BD%C3%95%C3%91&crid=JAY03S5DCEYW&keywords=sgrassatori+spray&qid=1700829358&sprefix=sgrassatore+spray%2Caps%2C123&sr=8-184
Argonit Sgrassatore Igienizzante 750ml Detergente Sgrassante Detersivo Spray Superfici,"10,00€",4.2,7.0,Disponibilità: solo 3,['verde'],,,https://www.amazon.it/Sgrassatore-Igienizzante-Detergente-Sgrassante-Detersivo/dp/B01AXWD4X4/ref=sr_1_185?__mk_it_IT=%C3%85M%C3%85%C5%BD%C3%95%C3%91&crid=JAY03S5DCEYW&keywords=sgrassatori+spray&qid=1700829358&sprefix=sgrassatore+spray%2Caps%2C123&sr=8-185
Gomito Grasso 4x500ml multiuso cucina lavanderia casa sgrassatore spray,"10,44€",4.6,517.0,Disponibilità immediata,[],,,https://www.amazon.it/Gomito-4x500ml-multiuso-lavanderia-sgrassatore/dp/B014VAG8H8/ref=sr_1_186?__mk_it_IT=%C3%85M%C3%85%C5%BD%C3%95%C3%91&crid=JAY03S5DCEYW&keywords=sgrassatori+spray&qid=1700829358&sprefix=sgrassatore+spray%2Caps%2C123&sr=8-186
AJAX Spray Sgrassatore Universale 500 Ml Tutto in 1,"€1,99",4.0,1.0,Not Available,[],,,https://www.amazon.it/AJAX-Spray-Sgrassatore-Universale-Tutto/dp/B08XW3BWPP/ref=sr_1_187?__mk_it_IT=%C3%85M%C3%85%C5%BD%C3%95%C3%91&crid=JAY03S5DCEYW&keywords=sgrassatori+spray&qid=1700829358&sprefix=sgrassatore+spray%2Caps%2C123&sr=8-187
LIQUI MOLY Detergente per vano motore | 400 ml | Cura della macchina | SKU: 3326,,4.3,1227.0,Not Available,['nero'],"‎6,6 x 6,6 x 19,9 cm; 304 grammi",,https://www.amazon.it/Liqui-Moly-3326-Detergente-Motore/dp/B00295DCVS/ref=sr_1_188?__mk_it_IT=%C3%85M%C3%85%C5%BD%C3%95%C3%91&crid=JAY03S5DCEYW&keywords=sgrassatori+spray&qid=1700829358&sprefix=sgrassatore+spray%2Caps%2C123&sr=8-188
Oven Stanhome Pulitore Spray Per Forno - 3 Confezioni,"27,33€",4.6,140.0,Disponibilità: solo 5,[],‎7 x 21 x 20 cm; 500 grammi,,https://www.amazon.it/Oven-Stanhome-Pulitore-Spray-Forno/dp/B09BMGBSQ2/ref=sr_1_189?__mk_it_IT=%C3%85M%C3%85%C5%BD%C3%95%C3%91&crid=JAY03S5DCEYW&keywords=sgrassatori+spray&qid=1700829358&sprefix=sgrassatore+spray%2Caps%2C123&sr=8-189
"Citrosil Home Protection - Sgrassatore Disinfettante Univerale Essenza di Limone 650 ml + Spray Igienizzante Superfici Multiuso Essenza di Tea Tree, Elimina Germi e Batteri, 650 ml","11,77€",,,Disponibilità: solo 9,[],"‎12 x 9,9 x 30 cm; 1,43 Kg",,https://www.amazon.it/Citrosil-Home-Protection-Disinfettante-Igienizzante/dp/B0BG2RNZKK/ref=sr_1_190?__mk_it_IT=%C3%85M%C3%85%C5%BD%C3%95%C3%91&crid=JAY03S5DCEYW&keywords=sgrassatori+spray&qid=1700829358&sprefix=sgrassatore+spray%2Caps%2C123&sr=8-190
"SGRASSATORE SPRAY 750 ml universale Profumo di MARSIGLIA PERLA, Superpotente Su Ogni Tipo di Sporco Igienizzante con Azione Sgrassante e Sanificante Casa Universale su tutte le superfici.","1,69€",,,Disponibilità immediata,['bianco'],,,https://www.amazon.it/SGRASSATORE-universale-Superpotente-Igienizzante-Sanificante/dp/B0933MKPW6/ref=sr_1_191?__mk_it_IT=%C3%85M%C3%85%C5%BD%C3%95%C3%91&crid=JAY03S5DCEYW&keywords=sgrassatori+spray&qid=1700829358&sprefix=sgrassatore+spray%2Caps%2C123&sr=8-191
16 x 151 elbow grease Original multiuso sgrassatore detergente spray tessuto metallo 500 ml,"13,20€",4.6,6103.0,Disponibilità immediata,[],‎8 x 5 x 15 cm; 500 grammi,500.0,https://www.amazon.it/151-elbow-Original-multiuso-sgrassatore-detergente/dp/B07HRWGWWB/ref=sr_1_192?__mk_it_IT=%C3%85M%C3%85%C5%BD%C3%95%C3%91&crid=JAY03S5DCEYW&keywords=sgrassatori+spray&qid=1700829358&sprefix=sgrassatore+spray%2Caps%2C123&sr=8-192
"6 X ACE Spray Candeggina, Sgrassatore candeggina, detergente sgrassante 650 ML","29,90€",,,Generalmente  spedito entro 3-4 giorni,[],,,https://www.amazon.it/ACE-Candeggina-Sgrassatore-candeggina-detergente/dp/B07HY4NR2X/ref=sr_1_193?__mk_it_IT=%C3%85M%C3%85%C5%BD%C3%95%C3%91&crid=JAY03S5DCEYW&keywords=sgrassatori+spray&qid=1700829358&sprefix=sgrassatore+spray%2Caps%2C123&sr=8-193
1 PZ ALBA SGRASSATORE MULTIUSO ECOLOGICO,"9,64€",4.5,29.0,Disponibilità immediata,[],,,https://www.amazon.it/PZ-ALBA-SGRASSATORE-MULTIUSO-ECOLOGICO/dp/B09QD6HJ8W/ref=sr_1_194?__mk_it_IT=%C3%85M%C3%85%C5%BD%C3%95%C3%91&crid=JAY03S5DCEYW&keywords=sgrassatori+spray&qid=1700829358&sprefix=sgrassatore+spray%2Caps%2C123&sr=8-194
"Bardahl - Detergente Freni, Pulizia Impianto Frenante Tamburo o Disco, Pulitore per Freni in Spray, Contribuisce a Ridurre l’eventuale Rumore dei Freni, 600ml","12,50€",4.5,86.0,Disponibilità immediata,['nero'],"‎2,9 x 3,9 x 14,9 cm; 20,5 grammi",,https://www.amazon.it/Bardahl-Brake-Parts-Cleaner-Pulitore/dp/B00GA0EKGO/ref=sr_1_195?__mk_it_IT=%C3%85M%C3%85%C5%BD%C3%95%C3%91&crid=JAY03S5DCEYW&keywords=sgrassatori+spray&qid=1700829358&sprefix=sgrassatore+spray%2Caps%2C123&sr=8-195
"Ace Spray Universale, Cartone da 3 TRIPACCHI - 9 Spray x 800 ml","26,91€",5.0,2.0,Disponibilità: solo 4,[],,,https://www.amazon.it/Ace-Spray-Universale-Cartone-TRIPACCHI/dp/B09GRHKCMK/ref=sr_1_196?__mk_it_IT=%C3%85M%C3%85%C5%BD%C3%95%C3%91&crid=JAY03S5DCEYW&keywords=sgrassatori+spray&qid=1700829358&sprefix=sgrassatore+spray%2Caps%2C123&sr=8-196
12 x CHANTECLAIR Sgrassatore Spray Universale Limone 850 Ml,"36,00€",,,Disponibilità immediata,[],,970.0,https://www.amazon.it/CHANTECLAIR-Sgrassatore-Spray-Universale-Limone/dp/B01CNOJ7PY/ref=sr_1_197?__mk_it_IT=%C3%85M%C3%85%C5%BD%C3%95%C3%91&crid=JAY03S5DCEYW&keywords=sgrassatori+spray&qid=1700829358&sprefix=sgrassatore+spray%2Caps%2C123&sr=8-197
"Chicco Spray Multisuperfici senza Profumo con Ingredienti Naturali, 0 Mesi+ - 500 ml","3,39€",4.6,65.0,Disponibilità immediata,['verde'],‎10 x 5 x 25 cm; 570 grammi,,https://www.amazon.it/Chicco-Multisuperfici-Profumo-Ingredienti-Naturali/dp/B07ZKD8GM1/ref=sr_1_198?__mk_it_IT=%C3%85M%C3%85%C5%BD%C3%95%C3%91&crid=JAY03S5DCEYW&keywords=sgrassatori+spray&qid=1700829358&rdc=1&sprefix=sgrassatore+spray%2Caps%2C123&sr=8-198
"Camp FIRE CLEAN, Pulitore concentrato per vetroceramica, termocamini, camini e stufe","9,80€",3.8,56.0,Disponibilità immediata,['rosso'],‎10 x 5 x 30 cm; 300 grammi,,https://www.amazon.it/detergente-pulizia-camini-barbecue-generale/dp/B01F3JJDUA/ref=sr_1_199?__mk_it_IT=%C3%85M%C3%85%C5%BD%C3%95%C3%91&crid=JAY03S5DCEYW&keywords=sgrassatori+spray&qid=1700829358&rdc=1&sprefix=sgrassatore+spray%2Caps%2C123&sr=8-199
"Chanteclair Sgrassatore con candeggina, 625 ML","€1,99",4.6,3.0,Not Available,[],,,https://www.amazon.it/Chanteclair-Sgrassatore-candeggina-625-ML/dp/B01C32YOIQ/ref=sr_1_200?__mk_it_IT=%C3%85M%C3%85%C5%BD%C3%95%C3%91&crid=JAY03S5DCEYW&keywords=sgrassatori+spray&qid=1700829358&sprefix=sgrassatore+spray%2Caps%2C123&sr=8-200
"HG Detergente per Forni, Grill e Barbecue, Rimuove Velocemente Cibo Grasso e Bruciato da Cucina e Spazi Esterni (500 ml) - 138050108","6,99€",3.9,83.0,Disponibilità immediata,[],"‎6,7 x 6,7 x 24,9 cm; 570 grammi",,https://www.amazon.it/HG-detergente-forni-grill-barbecue/dp/B00DT1DWTI/ref=sr_1_201?__mk_it_IT=%C3%85M%C3%85%C5%BD%C3%95%C3%91&crid=JAY03S5DCEYW&keywords=sgrassatori+spray&qid=1700829358&sprefix=sgrassatore+spray%2Caps%2C123&sr=8-201
Cillit Bang Sgrassatore potente Spray 750 ml – Set di 3,"25,31€",4.6,270.0,Disponibilità: solo 4,[],"‎9,6 x 6,4 x 28,8 cm; 2,15 Kg",,https://www.amazon.it/Cillit-Bang-Sgrassatore-potente-Spray/dp/B01K1P3O4W/ref=sr_1_202?__mk_it_IT=%C3%85M%C3%85%C5%BD%C3%95%C3%91&crid=JAY03S5DCEYW&keywords=sgrassatori+spray&qid=1700829358&sprefix=sgrassatore+spray%2Caps%2C123&sr=8-202
"Citrosil Home Protection - Spray Disinfettante con Vere Essenze di Agrumi, Superfici Multiuso, Elimina Fino al 99,9% dei Batteri, 300 ml",,4.6,4558.0,Not Available,"['giallo', 'blu']","‎6,5 x 6,5 x 20,1 cm; 280 grammi",,https://www.amazon.it/Citrosil-Home-Protection-disinfettante-Chirurgico/dp/B0761SHQYR/ref=sr_1_203?__mk_it_IT=%C3%85M%C3%85%C5%BD%C3%95%C3%91&crid=JAY03S5DCEYW&keywords=sgrassatori+spray&qid=1700829358&sprefix=sgrassatore+spray%2Caps%2C123&sr=8-203
"Sanitec, Blu Wc Gel, Detergente Disincrostante in Gel Efficace al 100%, Sbianca, Smacchia e Deodora per una Igiene Profonda del WC, Rimuove Facilmente lo Sporco, Made in Italy, 12 Flaconi da 750 ml","48,00€",5.0,1.0,Disponibilità immediata,['blu'],,,https://www.amazon.it/Detergente-Disincrostante-Efficace-Smacchia-Facilmente/dp/B0B9HHLGMZ/ref=sr_1_204_sspa?__mk_it_IT=%C3%85M%C3%85%C5%BD%C3%95%C3%91&crid=JAY03S5DCEYW&keywords=sgrassatori+spray&qid=1700829358&sprefix=sgrassatore+spray%2Caps%2C123&sr=8-204-spons&sp_csd=d2lkZ2V0TmFtZT1zcF9idGY&psc=1
